-- phpMyAdmin SQL Dump
-- version 4.5.1
-- http://www.phpmyadmin.net
--
-- Host: 127.0.0.1
-- Generation Time: Mar 15, 2017 at 03:04 PM
-- Server version: 10.1.9-MariaDB
-- PHP Version: 5.6.15

SET SQL_MODE = "NO_AUTO_VALUE_ON_ZERO";
SET time_zone = "+00:00";


/*!40101 SET @OLD_CHARACTER_SET_CLIENT=@@CHARACTER_SET_CLIENT */;
/*!40101 SET @OLD_CHARACTER_SET_RESULTS=@@CHARACTER_SET_RESULTS */;
/*!40101 SET @OLD_COLLATION_CONNECTION=@@COLLATION_CONNECTION */;
/*!40101 SET NAMES utf8mb4 */;

--
-- Database: `thesis`
--

-- --------------------------------------------------------

--
-- Table structure for table `categories`
--

CREATE TABLE `categories` (
  `id` int(10) UNSIGNED NOT NULL,
  `title` varchar(255) COLLATE utf8mb4_unicode_ci NOT NULL,
  `slug` varchar(255) COLLATE utf8mb4_unicode_ci NOT NULL,
  `link` varchar(255) COLLATE utf8mb4_unicode_ci NOT NULL DEFAULT '#',
  `parent_id` int(10) UNSIGNED NOT NULL DEFAULT '0',
  `show_on_navigation` tinyint(1) NOT NULL DEFAULT '0',
  `type` enum('null','text','file','link') COLLATE utf8mb4_unicode_ci NOT NULL DEFAULT 'link',
  `created_at` timestamp NULL DEFAULT NULL,
  `updated_at` timestamp NULL DEFAULT NULL
) ENGINE=InnoDB DEFAULT CHARSET=utf8mb4 COLLATE=utf8mb4_unicode_ci;

--
-- Dumping data for table `categories`
--

INSERT INTO `categories` (`id`, `title`, `slug`, `link`, `parent_id`, `show_on_navigation`, `type`, `created_at`, `updated_at`) VALUES
(1, 'Tổng quan về Bắc Giang', 'tong-quan-ve-bac-giang', '#', 0, 1, 'null', '2017-02-26 11:03:17', '2017-02-26 11:03:17'),
(2, 'Bộ máy tổ chức', 'bo-may-to-chuc', '#', 0, 1, 'text', '2017-02-26 11:03:46', '2017-02-26 11:03:46'),
(3, 'Doanh nghiệp', 'doanh-nghiep', '#', 0, 1, 'null', '2017-02-26 11:04:12', '2017-02-26 11:04:12'),
(4, 'Công dân', 'cong-dan', '#', 0, 1, 'null', '2017-02-26 11:04:24', '2017-02-26 11:04:24'),
(5, 'Dịch vụ công', 'dich-vu-cong', '/service', 0, 1, 'link', '2017-02-26 11:04:37', '2017-02-26 11:04:37'),
(6, 'Điều kiện tự nhiên', 'dieu-kien-tu-nhien', '#', 1, 0, 'text', '2017-02-27 22:54:51', '2017-02-27 22:54:51'),
(7, 'Điều kiện xã hội', 'dieu-kien-xa-hoi', '#', 1, 0, 'text', '2017-02-27 22:55:10', '2017-02-27 22:55:10'),
(8, 'Kinh tế - Xã hội', 'kinh-te-xa-hoi', '#', 1, 0, 'text', '2017-02-27 22:55:42', '2017-02-27 22:55:42'),
(9, 'Danh nhân Bắc Giang', 'danh-nhan-bac-giang', '#', 1, 0, 'text', '2017-02-27 22:56:03', '2017-02-27 22:56:03'),
(10, 'Doanh nghiệp tiêu biểu trên địa bàn thành phố Bắc Giang', 'doanh-nghiep-tieu-bieu-tren-dia-ban-thanh-pho-bac-giang', '#', 3, 0, 'text', '2017-02-27 22:57:19', '2017-02-27 22:57:19'),
(11, 'Văn bản pháp quy về DN', 'van-ban-phap-quy-ve-dn', '#', 3, 0, 'text', '2017-02-27 22:57:46', '2017-02-27 22:57:46'),
(12, 'Doanh nghiệp hỏi - Cơ quan chức năng trả lời', 'doanh-nghiep-hoi-co-quan-chuc-nang-tra-loi', '#', 3, 0, 'text', '2017-02-27 22:58:24', '2017-02-27 22:58:44'),
(13, 'Công dân cần biết', 'cong-dan-can-biet', '#', 4, 0, 'text', '2017-02-27 22:59:35', '2017-02-27 22:59:35'),
(14, 'Công dân hỏi cơ quan chức năng trả lời', 'cong-dan-hoi-co-quan-chuc-nang-tra-loi', '#', 4, 0, 'link', '2017-02-27 23:00:22', '2017-02-27 23:00:22'),
(15, 'Trong tỉnh', 'trong-tinh', '#', 0, 0, 'null', '2017-02-27 23:01:21', '2017-02-27 23:01:21'),
(16, 'Trong nước', 'trong-nuoc', '#', 0, 0, 'text', '2017-02-27 23:01:32', '2017-02-27 23:01:32'),
(17, 'Quốc tế', 'quoc-te', '#', 0, 0, 'text', '2017-02-27 23:01:44', '2017-02-27 23:01:44'),
(18, 'Chính trị', 'chinh-tri', '#', 15, 0, 'text', '2017-02-27 23:02:11', '2017-02-27 23:02:11'),
(19, 'Kinh tế - Xã hội', 'kinh-te-xa-hoi', '#', 15, 0, 'text', '2017-02-27 23:02:24', '2017-02-27 23:02:24'),
(20, 'Các sở, ban, ngành', 'cac-so-ban-nganh', '#', 15, 0, 'text', '2017-02-27 23:02:52', '2017-02-27 23:02:52'),
(21, 'Quốc phòng - An ninh', 'quoc-phong-an-ninh', '#', 15, 0, 'text', '2017-02-27 23:03:22', '2017-02-27 23:03:22'),
(22, 'Tin tức - Sự kiện', 'tin-tuc-su-kien', '#', 0, 0, 'text', '2017-02-27 23:04:21', '2017-02-27 23:04:21'),
(23, 'Thông tin chỉ đạo điều hành', 'thong-tin-chi-dao-dieu-hanh', '#', 0, 0, 'text', '2017-02-27 23:05:24', '2017-02-27 23:05:24'),
(24, 'Thông báo kết luận', 'thong-bao-ket-luan', '#', 0, 0, 'text', '2017-02-27 23:05:45', '2017-02-28 00:33:29'),
(25, 'Văn bản', 'van-ban', '#', 0, 0, 'null', '2017-02-27 23:06:08', '2017-02-27 23:06:08'),
(26, 'Văn bản mới', 'van-ban-moi', '#', 25, 0, 'file', '2017-02-27 23:06:24', '2017-02-27 23:06:24'),
(27, 'Giấy mời', 'giay-moi', '#', 25, 0, 'file', '2017-02-27 23:06:44', '2017-02-27 23:06:44'),
(28, 'Sao lục', 'sao-luc', '#', 25, 0, 'file', '2017-02-27 23:07:24', '2017-02-27 23:07:24'),
(29, 'Thông tin trợ giúp', 'thong-tin-tro-giup', '#', 0, 0, 'null', '2017-02-27 23:07:44', '2017-02-27 23:07:44'),
(30, 'Tìm đường', 'tim-duong', '#', 29, 0, 'text', '2017-02-27 23:08:07', '2017-02-27 23:08:07'),
(31, 'Mua sắm', 'mua-sam', '#', 29, 0, 'text', '2017-02-27 23:08:26', '2017-02-27 23:08:26'),
(32, 'Bệnh viện', 'benh-vien', '#', 29, 0, 'text', '2017-02-27 23:08:47', '2017-02-27 23:08:47'),
(33, 'Tuyển sinh', 'tuyen-sinh', '#', 29, 0, 'text', '2017-02-27 23:09:01', '2017-02-27 23:09:01'),
(34, 'Ngân hàng', 'ngan-hang', '#', 29, 0, 'text', '2017-02-27 23:09:22', '2017-02-27 23:09:22'),
(35, 'Khách sạn', 'khach-san', '#', 29, 0, 'text', '2017-02-27 23:09:34', '2017-02-27 23:09:34'),
(36, 'Đặc sản', 'dac-san', '#', 29, 0, 'text', '2017-02-27 23:09:48', '2017-02-27 23:09:48'),
(37, 'Lễ hội', 'le-hoi', '#', 29, 0, 'text', '2017-02-27 23:10:04', '2017-02-27 23:10:04'),
(38, 'Luật sư', 'luat-su', '#', 29, 0, 'text', '2017-02-27 23:10:20', '2017-02-27 23:10:20'),
(39, 'Truyền hình', 'truyen-hinh', '#', 29, 0, 'text', '2017-02-27 23:10:33', '2017-02-27 23:10:33'),
(40, 'Tiềm năng - Thế mạnh', 'tiem-nang-the-manh', '#', 0, 0, 'null', '2017-02-27 23:11:26', '2017-02-27 23:13:17'),
(41, 'Hạ tầng giao thông', 'ha-tang-giao-thong', '#', 40, 0, 'text', '2017-02-27 23:11:46', '2017-02-27 23:11:46'),
(42, 'Nhân lực', 'nhan-luc', '#', 40, 0, 'text', '2017-02-27 23:12:04', '2017-02-27 23:12:04'),
(43, 'Nông - Lâm sản', 'nong-lam-san', '#', 40, 0, 'text', '2017-02-27 23:12:20', '2017-02-27 23:12:20'),
(44, 'Du lịch', 'du-lich', '#', 40, 0, 'text', '2017-02-27 23:12:34', '2017-02-27 23:12:34'),
(45, 'Khu công nghiệp', 'khu-cong-nghiep', '#', 40, 0, 'text', '2017-02-27 23:12:52', '2017-02-27 23:12:52'),
(46, 'Làng nghề', 'lang-nghe', '#', 40, 0, 'text', '2017-02-27 23:13:07', '2017-02-27 23:13:07'),
(47, 'Chương trình công tác tỉnh', 'chuong-trinh-cong-tac-tinh', '#', 0, 0, 'null', '2017-02-28 10:58:46', '2017-02-28 10:58:46'),
(48, 'Công tác tuần', 'cong-tac-tuan', '#', 47, 0, 'text', '2017-02-28 10:59:04', '2017-02-28 10:59:04'),
(49, 'Chương trình công tác tháng', 'chuong-trinh-cong-tac-thang', '#', 47, 0, 'text', '2017-02-28 10:59:24', '2017-02-28 10:59:24'),
(50, 'Điểm báo', 'diem-bao', '#', 0, 0, 'text', '2017-02-28 11:01:05', '2017-02-28 11:01:05'),
(51, 'Đường dây nóng', 'duong-day-nong', '#', 0, 0, 'text', '2017-02-28 11:01:47', '2017-02-28 11:01:47'),
(52, 'Danh bạ điện tử', 'danh-ba-dien-tu', '#', 0, 0, 'text', '2017-02-28 11:02:19', '2017-02-28 11:02:19'),
(53, 'Thủ tục hành chính', 'thu-tuc-hanh-chinh', '#', 0, 0, 'null', '2017-03-01 22:46:42', '2017-03-01 22:46:42'),
(54, 'Sở tài chính', 'so-tai-chinh', '#', 53, 0, 'text', '2017-03-01 22:47:21', '2017-03-01 22:47:21'),
(55, 'Videos', 'videos', '#', 0, 0, 'null', '2017-03-14 20:05:13', '2017-03-14 20:05:13'),
(56, 'Thời sự Bắc Giang', 'thoi-su-bac-giang', '#', 55, 0, 'text', '2017-03-14 20:06:13', '2017-03-15 01:48:30'),
(57, 'Ký sự', 'ky-su', '#', 55, 0, 'text', '2017-03-14 20:06:31', '2017-03-14 20:06:31'),
(58, 'Phim tài liệu', 'phim-tai-lieu', '#', 55, 0, 'text', '2017-03-14 20:06:48', '2017-03-14 20:48:23'),
(59, 'Giai điệu Bắc Giang', 'giai-dieu-bac-giang', '#', 55, 0, 'text', '2017-03-14 20:07:09', '2017-03-14 20:07:09');

-- --------------------------------------------------------

--
-- Table structure for table `files`
--

CREATE TABLE `files` (
  `id` int(10) UNSIGNED NOT NULL,
  `category_id` int(10) UNSIGNED NOT NULL,
  `user_id` int(10) UNSIGNED NOT NULL,
  `title` varchar(255) COLLATE utf8mb4_unicode_ci NOT NULL,
  `slug` varchar(255) COLLATE utf8mb4_unicode_ci NOT NULL,
  `description` text COLLATE utf8mb4_unicode_ci NOT NULL,
  `publish_date` date DEFAULT NULL,
  `code` varchar(255) COLLATE utf8mb4_unicode_ci DEFAULT NULL,
  `organization` varchar(255) COLLATE utf8mb4_unicode_ci DEFAULT NULL,
  `type_document` varchar(255) COLLATE utf8mb4_unicode_ci DEFAULT NULL,
  `type` enum('document','file') COLLATE utf8mb4_unicode_ci NOT NULL,
  `attach` varchar(255) COLLATE utf8mb4_unicode_ci NOT NULL,
  `views` int(11) NOT NULL DEFAULT '0',
  `created_at` timestamp NULL DEFAULT NULL,
  `updated_at` timestamp NULL DEFAULT NULL
) ENGINE=InnoDB DEFAULT CHARSET=utf8mb4 COLLATE=utf8mb4_unicode_ci;

--
-- Dumping data for table `files`
--

INSERT INTO `files` (`id`, `category_id`, `user_id`, `title`, `slug`, `description`, `publish_date`, `code`, `organization`, `type_document`, `type`, `attach`, `views`, `created_at`, `updated_at`) VALUES
(1, 26, 1, 'QĐ v/v phê duyệt phương án xử lý tài sản là vật chứng vụ án, tài sản của người bị kết án bị tịch thu sung quỹ nhà nước năm 2016', 'qd-v-v-phe-duyet-phuong-an-xu-ly-tai-san-la-vat-chung-vu-an-tai-san-cua-nguoi-bi-ket-an-bi-tich-thu-sung-quy-nha-nuoc-nam-2016', 'QĐ v/v phê duyệt phương án xử lý tài sản là vật chứng vụ án, tài sản của người bị kết án bị tịch thu sung quỹ nhà nước năm 2016', '2017-02-02', '90/QĐ-UBND', 'UBND', 'Quyết định', 'document', '/source/images/mongod.log', 2, '2017-02-28 01:08:21', '2017-02-28 13:06:19'),
(2, 26, 1, 'QĐ v/v phê duyệt kế hoạch lựa chọn, Hồ sơ yêu cầu nhà đầu tư Dự án Khu đô thị mới phía Nam thị trấn Nếnh, huyện Việt Yên, tỉnh Bắc Giang', 'qd-v-v-phe-duyet-ke-hoach-lua-chon-ho-so-yeu-cau-nha-dau-tu-du-an-khu-do-thi-moi-phia-nam-thi-tran-nenh-huyen-viet-yen-tinh-bac-giang', 'QĐ v/v phê duyệt kế hoạch lựa chọn, Hồ sơ yêu cầu nhà đầu tư Dự án Khu đô thị mới phía Nam thị trấn Nếnh, huyện Việt Yên, tỉnh Bắc Giang', '2017-02-02', '209/QĐ-UBND', 'UBND', 'Quyết định', 'document', '/source/images/mongod.log', 0, '2017-02-28 01:35:49', '2017-02-28 01:35:49'),
(3, 26, 1, 'QĐ v/v phê duyệt giá khởi điểm và phương án đấu giá cho thuê đất đói với thửa đất thương mại, dịch vụ thuộc Khu dân cư dịch vụ My Điền, xã Hoàng Ninh, huyện Việt Yên, tỉnh Bắc Giang', 'qd-v-v-phe-duyet-gia-khoi-diem-va-phuong-an-dau-gia-cho-thue-dat-doi-voi-thua-dat-thuong-mai-dich-vu-thuoc-khu-dan-cu-dich-vu-my-dien-xa-hoang-ninh-huyen-viet-yen-tinh-bac-giang', 'QĐ v/v phê duyệt giá khởi điểm và phương án đấu giá cho thuê đất đói với thửa đất thương mại, dịch vụ thuộc Khu dân cư dịch vụ My Điền, xã Hoàng Ninh, huyện Việt Yên, tỉnh Bắc Giang', '2017-02-02', '91/QĐ-UBND', 'UBND', 'Quyết định', 'document', '/source/images/mongod.log', 1, '2017-02-28 01:36:23', '2017-02-28 13:05:12'),
(4, 26, 1, 'QĐ v/v phê duyệt báo cáo đánh giá tác động môi trường Dự án " Nhà máy giấy Xương Giang "', 'qd-v-v-phe-duyet-bao-cao-danh-gia-tac-dong-moi-truong-du-an-nha-may-giay-xuong-giang', 'QĐ v/v phê duyệt báo cáo đánh giá tác động môi trường Dự án " Nhà máy giấy Xương Giang "', '2017-02-02', '92/QĐ-UBND', 'UBND', 'Quyết định', 'document', '/source/images/mongod.log', 11, '2017-02-28 01:36:59', '2017-03-01 07:38:02'),
(5, 27, 1, 'Giấy mời họp ngày 15/6/2016 lúc 14h00 tại Phòng họp, Bệnh viện Đa khoa huyện Lạng Giang', 'giay-moi-hop-ngay-15-6-2016-luc-14h00-tai-phong-hop-benh-vien-da-khoa-huyen-lang-giang', 'Giấy mời họp ngày 15/6/2016 lúc 14h00 tại Phòng họp, Bệnh viện Đa khoa huyện Lạng Giang', '2017-02-02', '226/GM-UBND', 'UBND', 'Kế hoạch', 'document', '/source/images/mongod.log', 2, '2017-02-28 01:38:08', '2017-02-28 13:08:17'),
(6, 27, 1, 'Giấy mời họp ngày 15/6/2016 lúc 7h30 tại Phòng họp số 1, tầng 2- Trụ sở Văn phòng UBND tỉnh', 'giay-moi-hop-ngay-15-6-2016-luc-7h30-tai-phong-hop-so-1-tang-2-tru-so-van-phong-ubnd-tinh', 'Giấy mời họp ngày 15/6/2016 lúc 7h30 tại Phòng họp số 1, tầng 2- Trụ sở Văn phòng UBND tỉnh', '2017-02-02', '227/GM-UBND', 'UBND', 'Kế hoạch', 'document', '/source/images/mongod.log', 2, '2017-02-28 01:38:39', '2017-03-01 08:04:47');

-- --------------------------------------------------------

--
-- Table structure for table `migrations`
--

CREATE TABLE `migrations` (
  `id` int(10) UNSIGNED NOT NULL,
  `migration` varchar(255) COLLATE utf8mb4_unicode_ci NOT NULL,
  `batch` int(11) NOT NULL
) ENGINE=InnoDB DEFAULT CHARSET=utf8mb4 COLLATE=utf8mb4_unicode_ci;

--
-- Dumping data for table `migrations`
--

INSERT INTO `migrations` (`id`, `migration`, `batch`) VALUES
(1, '2014_10_12_000000_create_users_table', 1),
(2, '2014_10_12_100000_create_password_resets_table', 1),
(3, '2017_02_20_074631_create_categories_table', 1),
(4, '2017_02_20_074808_create_posts_table', 1),
(5, '2017_02_20_074819_create_files_table', 1),
(6, '2017_02_26_171904_create_widgets_table', 1);

-- --------------------------------------------------------

--
-- Table structure for table `password_resets`
--

CREATE TABLE `password_resets` (
  `email` varchar(100) COLLATE utf8mb4_unicode_ci NOT NULL,
  `token` varchar(100) COLLATE utf8mb4_unicode_ci NOT NULL,
  `created_at` timestamp NULL DEFAULT NULL
) ENGINE=InnoDB DEFAULT CHARSET=utf8mb4 COLLATE=utf8mb4_unicode_ci;

-- --------------------------------------------------------

--
-- Table structure for table `posts`
--

CREATE TABLE `posts` (
  `id` int(10) UNSIGNED NOT NULL,
  `category_id` int(10) UNSIGNED NOT NULL,
  `user_id` int(10) UNSIGNED NOT NULL,
  `title` varchar(255) COLLATE utf8mb4_unicode_ci NOT NULL,
  `slug` varchar(255) COLLATE utf8mb4_unicode_ci NOT NULL,
  `thumb` varchar(255) COLLATE utf8mb4_unicode_ci NOT NULL,
  `description` text COLLATE utf8mb4_unicode_ci NOT NULL,
  `body` text COLLATE utf8mb4_unicode_ci NOT NULL,
  `views` int(10) UNSIGNED NOT NULL DEFAULT '0',
  `created_at` timestamp NULL DEFAULT NULL,
  `updated_at` timestamp NULL DEFAULT NULL
) ENGINE=InnoDB DEFAULT CHARSET=utf8mb4 COLLATE=utf8mb4_unicode_ci;

--
-- Dumping data for table `posts`
--

INSERT INTO `posts` (`id`, `category_id`, `user_id`, `title`, `slug`, `thumb`, `description`, `body`, `views`, `created_at`, `updated_at`) VALUES
(1, 2, 1, 'Tỉnh ủy', 'tinh-uy', '/images/not_found.jpg', 'Cơ cấu bộ máy tổ chúc tỉnh ủy', '<p><strong>BAN THƯỜNG VỤ TỈNH ỦY BẮC GIANG&nbsp;NHIỆM KỲ 2015 &ndash; 2020</strong></p>\r\n<p><strong>THƯỜNG TRỰC TỈNH ỦY</strong> </p>\r\n<p>&nbsp;</p>\r\n<table width="618">\r\n<tbody>\r\n<tr>\r\n<td width="618">\r\n<p>Đ/c&nbsp;<strong>B&ugrave;i Văn Hải</strong></p>\r\n<p>Ủy vi&ecirc;n BCH Trung ương Đảng</p>\r\n<p>B&iacute; thư Tỉnh ủy, Chủ tịch HĐND tỉnh</p>\r\n</td>\r\n</tr>\r\n</tbody>\r\n</table>\r\n<table width="638">\r\n<tbody>\r\n<tr>\r\n<td width="329">\r\n<p>Đ/c&nbsp;<strong>Th&acirc;n Văn Khoa</strong></p>\r\n<p>Ph&oacute; B&iacute; thư Thường trực Tỉnh ủy</p>\r\n</td>\r\n<td width="310">\r\n<p>Đ/c&nbsp;<strong>Nguyễn Văn Linh</strong></p>\r\n<p>Ph&oacute; B&iacute; thư Tỉnh ủy, Chủ tịch UBND tỉnh</p>\r\n</td>\r\n</tr>\r\n</tbody>\r\n</table>\r\n<p>&nbsp;&nbsp;</p>\r\n<p><strong>ỦY VI&Ecirc;N BAN THƯỜNG VỤ TỈNH ỦY</strong>&nbsp;</p>\r\n<table width="650">\r\n<tbody>\r\n<tr>\r\n<td width="202">\r\n<p>Đ/c<strong>&nbsp;B&ugrave;i Văn Hạnh</strong></p>\r\n<p>Ph&oacute; Chủ tịch HĐND tỉnh</p>\r\n</td>\r\n<td width="226">\r\n<p>Đ/c&nbsp;<strong>Lại Thanh&nbsp;Sơn</strong></p>\r\n<p>Ph&oacute; Chủ tịch TT UBND tỉnh</p>\r\n</td>\r\n<td width="222">\r\n<p>Đ/c&nbsp;<strong>Dương Văn Th&aacute;i</strong></p>\r\n<p>Ph&oacute; Chủ tịch UBND tỉnh</p>\r\n</td>\r\n</tr>\r\n<tr>\r\n<td width="202">\r\n<p>Đ/c&nbsp;<strong>Nguyễn Sỹ Nhận</strong></p>\r\n<p>B&iacute; thư Th&agrave;nh ủy Bắc Giang</p>\r\n</td>\r\n<td width="226">\r\n<p>Đ/c<strong>&nbsp;Phạm Mạnh Thường</strong></p>\r\n<p>Gi&aacute;m Đốc C&ocirc;ng an tỉnh</p>\r\n</td>\r\n<td width="222">\r\n<p>Đ/c&nbsp;<strong>Ho&agrave;ng C&ocirc;ng Mừng</strong></p>\r\n<p>Chỉ huy trưởng Bộ CHQS tỉnh</p>\r\n</td>\r\n</tr>\r\n<tr>\r\n<td width="202">\r\n<p>Đ/c&nbsp;<strong>Nguyễn C&ocirc;ng Thức</strong></p>\r\n<p>Trưởng Ban Tổ chức Tỉnh ủy</p>\r\n</td>\r\n<td width="226">\r\n<p>Đ/c&nbsp;<strong>Đỗ Đức H&agrave;</strong></p>\r\n<p>Trưởng Ban Tuy&ecirc;n gi&aacute;o Tỉnh ủy</p>\r\n</td>\r\n<td width="222">\r\n<p>Đ/c&nbsp;L<strong>&ecirc; Thị Thu Hồng</strong></p>\r\n<p>Chủ nhiệm UBKT Tỉnh ủy</p>\r\n</td>\r\n</tr>\r\n<tr>\r\n<td width="202">\r\n<p>Đ/c&nbsp;<strong>Tống Ngọc Bắc</strong></p>\r\n<p>Trưởng Ban Nội ch&iacute;nh Tỉnh ủy</p>\r\n</td>\r\n<td width="226">\r\n<p>Đ/c&nbsp;<strong>L&acirc;m Thị Hương Th&agrave;nh</strong></p>\r\n<p>B&iacute; thư Huyện ủy T&acirc;n Y&ecirc;n</p>\r\n</td>\r\n<td width="222">\r\n<p>Đ/c&nbsp;<strong>Ng&ocirc; S&aacute;ch Thực</strong></p>\r\n<p>Chủ tịch Ủy ban MTTQ tỉnh</p>\r\n</td>\r\n</tr>\r\n</tbody>\r\n</table>\r\n<p>&nbsp;</p>', 40, '2017-02-27 23:16:13', '2017-02-28 12:37:34'),
(2, 16, 1, 'Thủ tướng dự lễ thượng cờ 2 tàu ngầm Kilo', 'thu-tuong-du-le-thuong-co-2-tau-ngam-kilo', '/images/not_found.jpg', 'Sáng 28/2, tại quân cảng Lữ đoàn Tàu ngầm 189 Hải Quân (TP. Cam Ranh, tỉnh Khánh Hòa), Thủ tướng Nguyễn Xuân Phúc đã dự lễ thượng cờ cho hai tàu ngầm 186 mang tên Đà Nẵng và 187 mang tên Bà Rịa-Vũng Tàu.', '<p>&nbsp;</p>\r\n<div style="text-align: center;">\r\n<figure class="image" style="display: inline-block;"><img src="http://www.bacgiang.gov.vn/lib/ckfinder/images/4%28500%29.jpg" alt="" width="486" height="305" />\r\n<figcaption>Lễ thượng cờ cho hai t&agrave;u ngầm Kilo Đ&agrave; Nẵng v&agrave; B&agrave; Rịa-Vũng T&agrave;u. Ảnh: VGP/Quang Hiếu</figcaption>\r\n</figure>\r\n</div>\r\n<p style="text-align: justify;"><span style="font-size: 14px;">Đ&acirc;y l&agrave; hai chiếc t&agrave;u ngầm Kilo lớp 636 cuối c&ugrave;ng nằm trong hợp đồng Việt Nam k&yacute; kết với Nga năm 2009 gồm 6 chiếc (trị gi&aacute; gần 2 tỷ USD), nhằm x&acirc;y dựng lực lượng hải qu&acirc;n ch&iacute;nh quy hiện đại, n&acirc;ng cao năng lực bảo vệ biển đảo Tổ quốc.</span></p>\r\n<p style="text-align: justify;"><span style="font-size: 14px;">Sau lễ thượng cờ, t&agrave;u sẽ ch&iacute;nh thức được đưa v&agrave;o bi&ecirc;n chế của Lữ đo&agrave;n T&agrave;u ngầm 189. Hiện Qu&acirc;n chủng Hải qu&acirc;n c&oacute; đầy đủ &ldquo;5 ng&ocirc;i sao biển&rdquo; l&agrave; kh&ocirc;ng qu&acirc;n hải qu&acirc;n, t&agrave;u ngầm, hải qu&acirc;n đ&aacute;nh bộ, t&ecirc;n lửa bờ v&agrave; t&agrave;u mặt nước.</span></p>\r\n<p style="text-align: justify;"><span style="font-size: 14px;">Thay mặt l&atilde;nh&nbsp;<a name="_GoBack"></a>đạo Đảng, Nh&agrave; nước, Thủ tướng Nguyễn Xu&acirc;n Ph&uacute;c đ&atilde; biểu dương tinh thần cố gắng, khắc phục kh&oacute; khăn, vươn l&ecirc;n l&agrave;m chủ vũ kh&iacute;, trang bị kỹ thuật mới, hiện đại của c&aacute;n bộ, chiến sĩ hải qu&acirc;n, nhất l&agrave; lực lượng t&agrave;u ngầm hiện đại.</span></p>\r\n<p style="text-align: justify;"><span style="font-size: 14px;">Nhắc lại lời dạy của B&aacute;c Hồ: "Ng&agrave;y trước ta chỉ c&oacute; đ&ecirc;m v&agrave; rừng. Ng&agrave;y nay ta c&oacute; ng&agrave;y, c&oacute; trời, c&oacute; biển. Bờ biển ta d&agrave;i, tươi đẹp, ta phải biết giữ g&igrave;n lấy n&oacute;", Thủ tướng khẳng định sự quan t&acirc;m đặc biệt v&agrave; tầm nh&igrave;n chiến lược của Đảng, Nh&agrave; nước về hiện đại h&oacute;a lực lượng Hải qu&acirc;n nh&acirc;n d&acirc;n Việt Nam hiện nay, g&oacute;p phần đưa Hải qu&acirc;n nh&acirc;n d&acirc;n Việt Nam tiến gần hơn với tr&igrave;nh độ chung của hải qu&acirc;n c&aacute;c nước trong khu vực v&agrave; thế giới.</span></p>\r\n<div style="text-align: center;">\r\n<figure class="image" style="display: inline-block;"><img src="http://www.bacgiang.gov.vn/lib/ckfinder/images/5%28469%29.jpg" alt="" width="486" height="336" />\r\n<figcaption>Thủ tướng: Ch&uacute;ng ta hiện đại h&oacute;a Hải qu&acirc;n kh&ocirc;ng phải l&agrave; chạy đua vũ trang, kh&ocirc;ng phải để răn đe c&aacute;c nước trong khu vực, m&agrave; để bảo vệ vững chắc chủ quyền biển, đảo, thềm lục địa trong mọi t&igrave;nh huống. Ảnh: VGP/Quang Hiếu</figcaption>\r\n</figure>\r\n</div>\r\n<p style="text-align: justify;"><span style="font-size: 14px;">Cũng tại buổi lễ, Thủ tướng y&ecirc;u cầu lực lượng Hải qu&acirc;n tiếp tục n&acirc;ng cao nhận thức về t&igrave;nh h&igrave;nh, nhiệm vụ, về quan điểm của Đảng Nh&agrave; nước ta trong vấn đề giải quyết tranh chấp tr&ecirc;n Biển Đ&ocirc;ng. Khẳng định nhất qu&aacute;n v&agrave; r&otilde; r&agrave;ng về chủ quyền của Việt Nam đối với hai quần đảo Ho&agrave;ng Sa v&agrave; Trường Sa. Bằng thiện ch&iacute; v&agrave; những nỗ lực của m&igrave;nh, ch&uacute;ng ta ki&ecirc;n tr&igrave; chủ trương giải quyết c&aacute;c tranh chấp ở Biển Đ&ocirc;ng bằng c&aacute;c biện ph&aacute;p h&ograve;a b&igrave;nh tr&ecirc;n cơ sở luật ph&aacute;p quốc tế, C&ocirc;ng ước quốc tế về Luật Biển 1982, Tuy&ecirc;n bố về c&aacute;ch ứng xử của c&aacute;c b&ecirc;n ở Biển Đ&ocirc;ng (DOC), Luật Biển Việt Nam năm 1982 v&agrave; hướng tới x&acirc;y dựng Bộ Quy tắc ứng xử của c&aacute;c b&ecirc;n tr&ecirc;n Biển Đ&ocirc;ng (COC), để Biển Đ&ocirc;ng thực sự l&agrave; v&ugrave;ng biển h&ograve;a b&igrave;nh, ổn định, hữu nghị v&agrave; ph&aacute;t triển, v&igrave; lợi &iacute;ch của tất cả c&aacute;c nước trong khu vực, v&igrave; an ninh chung của khu vực v&agrave; tr&ecirc;n to&agrave;n thế giới.</span></p>\r\n<p style="text-align: justify;"><span style="font-size: 14px;">Thủ tướng cũng nhắc nhở c&aacute;n bộ, chiến sĩ Hải qu&acirc;n nh&acirc;n d&acirc;n Việt Nam lu&ocirc;n thấm nhuần s&acirc;u sắc gi&aacute; trị thi&ecirc;ng li&ecirc;ng của mỗi tấc đảo, mỗi sải biển của Tổ quốc, &yacute; nghĩa lớn lao của h&ograve;a b&igrave;nh, ổn định đối với sự nghiệp x&acirc;y dựng v&agrave; ph&aacute;t triển đất nước. Nhận thức đ&uacute;ng đắn việc ch&uacute;ng ta hiện đại h&oacute;a Hải qu&acirc;n, ph&aacute;t triển lực lượng t&agrave;u ngầm hiện đại l&agrave; việc l&agrave;m b&igrave;nh thường của quốc gia c&oacute; biển, kh&ocirc;ng phải l&agrave; chạy đua vũ trang, kh&ocirc;ng phải để răn đe c&aacute;c nước trong khu vực, m&agrave; để bảo vệ vững chắc chủ quyền biển, đảo, thềm lục địa trong mọi t&igrave;nh huống.</span></p>\r\n<p style="text-align: justify;"><span style="font-size: 14px;">Đặc biệt tr&ecirc;n cơ sở r&uacute;t kinh nghiệm từ c&ocirc;ng t&aacute;c tiếp nhận, huấn luyện, khai th&aacute;c l&agrave;m chủ c&aacute;c t&agrave;u ngầm trong những năm vừa qua, tiếp tục tập trung l&agrave;m tốt c&ocirc;ng t&aacute;c huấn luyện khai th&aacute;c, l&agrave;m chủ nhanh hơn, s&acirc;u hơn, vững chắc hơn, ph&aacute;t huy hết t&iacute;nh năng kỹ chiến thuật c&aacute;c t&agrave;u ngầm hiện đại, ph&ugrave; hợp với nghệ thuật qu&acirc;n sự Việt Nam v&agrave; bảo đảm an to&agrave;n tuyệt đối. Phối hợp với c&aacute;c cơ quan chức năng của Ch&iacute;nh phủ, Bộ Quốc ph&ograve;ng tiếp tục nghi&ecirc;n cứu, đẩy nhanh tiến độ triển khai c&aacute;c chương tr&igrave;nh tiếp nhận v&agrave; chuyển giao c&ocirc;ng nghệ, bảo đảm kỹ thuật cho hoạt động đồng bộ của vũ kh&iacute;, trang bị kỹ thuật, đ&aacute;p ứng với y&ecirc;u cầu nhiệm vụ trong mọi t&igrave;nh huống.</span></p>\r\n<p style="text-align: justify;"><span style="font-size: 14px;">Thay mặt c&aacute;n bộ, chiến sĩ Hải qu&acirc;n nh&acirc;n d&acirc;n Việt Nam, Chuẩn Đ&ocirc; đốc Phạm Ho&agrave;i Nam, Tư lệnh Hải qu&acirc;n ph&aacute;t biểu b&agrave;y tỏ cảm ơn s&acirc;u sắc tới Đảng, Nh&agrave; nước, Ch&iacute;nh phủ, Qu&acirc;n ủy Trung ương v&agrave; Bộ Quốc ph&ograve;ng; của c&aacute;c cấp, c&aacute;c ng&agrave;nh, c&aacute;c địa phương; của đồng b&agrave;o, đồng ch&iacute; v&agrave; chiến sĩ cả nước; của bạn b&egrave; quốc tế; v&agrave; trực tiếp l&agrave; Thủ tướng Ch&iacute;nh phủ đ&atilde; d&agrave;nh những t&igrave;nh cảm, sự quan t&acirc;m đặc biệt đối với Qu&acirc;n chủng Hải qu&acirc;n, nhất l&agrave; lực lượng t&agrave;u ngầm hiện đại của Hải qu&acirc;n nh&acirc;n d&acirc;n Việt Nam v&agrave; qu&aacute;n triệt s&acirc;u sắc, khắc ghi, quyết t&acirc;m nỗ lực phấn đấu thực hiện đ&uacute;ng những điều Thủ tướng Chỉnh phủ đ&atilde; huấn thị.</span></p>\r\n<p style="text-align: justify;"><span style="font-size: 14px;">Thời gian tới, t&igrave;nh h&igrave;nh thế giới, khu vực tiếp tục c&oacute; nhiều diễn biến phức tạp; t&igrave;nh h&igrave;nh Biển Đ&ocirc;ng v&agrave; c&aacute;c v&ugrave;ng biển, đảo nước ta lu&ocirc;n tiềm ẩn những nh&acirc;n tố kh&oacute; lường; nhiệm vụ bảo vệ chủ quyền biển, đảo, thềm lục địa của Tổ quốc đ&atilde; v&agrave; đang đặt ra cho Hải qu&acirc;n nh&acirc;n d&acirc;n Việt Nam những y&ecirc;u cầu nhiệm vụ mới, vừa phải bảo vệ vững chắc chủ quyền biển, đảo, thềm lục địa của Tổ quốc, vừa phải giữ vững m&ocirc;i trường h&ograve;a b&igrave;nh, ổn định để x&acirc;y đựng v&agrave; ph&aacute;t triển đất nước. Song, với vai tr&ograve; l&agrave; lực lượng n&ograve;ng cốt trong quản l&yacute;, bảo vệ vững chắc chủ quyền biển, đảo, thềm lục địa thi&ecirc;ng li&ecirc;ng của Tổ quốc c&aacute;n bộ, chiến sĩ Hải qu&acirc;n quyết t&acirc;m khắc phục kh&oacute; khăn, sẵn s&agrave;ng nhận nhiệm vụ, sẵn s&agrave;ng chiến đấu, hy sinh để bảo vệ vững chắc từng tấc đất, từng sải biển thi&ecirc;ng li&ecirc;ng của Tổ quốc.</span></p>\r\n<p style="text-align: justify;"><span style="font-size: 14px;">T&agrave;u ngầm Kilo 636 d&agrave;i 73,8 m, rộng 9,9 m; lượng gi&atilde;n nước từ 3.000 đến 3.950 tấn; tốc độ 20 hải l&yacute;/giờ. T&agrave;u di chuyển &ecirc;m, thời gian hoạt động độc lập 45 ng&agrave;y đ&ecirc;m cho 52 thủy thủ v&agrave; c&oacute; thể lặn s&acirc;u 300 m cho nhiệm vụ tuần tra, trinh s&aacute;t.</span></p>\r\n<p style="text-align: justify;"><span style="font-size: 14px;">T&agrave;u c&oacute; thể ph&aacute;t hiện mục ti&ecirc;u ở khoảng c&aacute;ch xa, tấn c&ocirc;ng nhanh, tr&aacute;nh sự tấn c&ocirc;ng của t&agrave;u địch hay phải vượt qua những khu vực c&oacute; bẫy m&igrave;n, thủy l&ocirc;i. Khả năng "t&agrave;ng h&igrave;nh" của t&agrave;u được c&aacute;c chuy&ecirc;n gia NATO gọi l&agrave; "Hố đen đại dương".</span></p>\r\n<p style="text-align: justify;"><span style="font-size: 14px;">Trước t&agrave;u ngầm 187 B&agrave; Rịa-Vũng T&agrave;u, c&aacute;c t&agrave;u ngầm số hiệu từ 182 đến 186 lần lượt mang t&ecirc;n H&agrave; Nội, TPHCM, Hải Ph&ograve;ng, Kh&aacute;nh H&ograve;a v&agrave; Đ&agrave; Nẵng đ&atilde; được đưa về Việt Nam trong năm 2015-2016.</span></p>\r\n<div style="float: right; margin-right: 20px; margin-bottom: 10px; width: 100%; text-align: right;">&nbsp;</div>\r\n<div style="float: right; margin-right: 20px; margin-bottom: 10px; width: 100%; text-align: right;"><span style="color: #383838;">Theo chinhphu.vn</span></div>', 1, '2017-02-27 23:30:29', '2017-02-28 13:04:13'),
(3, 16, 1, 'Tập trung giải phóng mặt bằng khu tái định cư Khu du lịch Tây Yên Tử', 'tap-trung-giai-phong-mat-bang-khu-tai-dinh-cu-khu-du-lich-tay-yen-tu', '/images/not_found.jpg', 'Đó là ý kiến chỉ đạo của Phó Chủ tịch UBND tỉnh Lê Ánh Dương - Trưởng Ban Chỉ đạo thực hiện các dự án xây dựng Khu du lịch tâm linh – sinh thái Tây Yên Tử tại buổi làm việc kiểm điểm tiến độ triển khai thực hiện Dự án và những nhiệm vụ được giao tại các Thông báo kết luận liên quan vào chiều ngày 27/02, tại UBND xã Tuấn Mậu (huyện Sơn Động). Cùng dự có đại diện lãnh đạo một số sở, ban, ngành tỉnh; UBND huyện Sơn Động và Công ty Cổ phần dịch vụ Tây Yên Tử.', '<div style="text-align: center;">\r\n<figure class="image" style="display: inline-block;"><img src="http://www.bacgiang.gov.vn/lib/ckfinder/images/Tay%20yen%20tu%281%29.jpg" alt="" width="482" height="326" />\r\n<figcaption>Ph&oacute; Chủ tịch UBND tỉnh L&ecirc; &Aacute;nh Dương ph&aacute;t biểu kết luận buổi l&agrave;m việc. Ảnh: BGP/Diệu Hoa.</figcaption>\r\n</figure>\r\n</div>\r\n<p style="text-align: justify;"><span style="font-size: 14px;"><span style="font-family: arial,helvetica,sans-serif;">Theo b&aacute;o c&aacute;o của UBND huyện Sơn Động v&agrave; C&ocirc;ng ty Cổ phần dịch vụ T&acirc;y Y&ecirc;n Tử, đến thời điểm hiện tại, việc triển khai&nbsp;x&acirc;y dựng c&aacute;c hạng mục nằm trong Dự &aacute;n x&acirc;y dựng Khu du lịch t&acirc;m linh &ndash; sinh th&aacute;i T&acirc;y Y&ecirc;n Tử đang được thực hiện theo kế hoạch&nbsp;đề ra.&nbsp; Đến nay, đ&atilde; kiểm đếm xong v&agrave; đang tiến h&agrave;nh lập phương &aacute;n bồi thường giải ph&oacute;ng mặt bằng (BTGPMB) cho 38 hộ gia đ&igrave;nh (trong đ&oacute; c&oacute; 12 hộ khu t&aacute;i định cư). UBND huyện x&acirc;y dựng kế hoạch tổ chức cưỡng chế ph&aacute; dỡ c&aacute;c trường hợp vi phạm trật tự x&acirc;y dựng tr&aacute;i ph&eacute;p tr&ecirc;n đất quy hoạch Khu du lịch t&acirc;m linh - sinh th&aacute;i T&acirc;y Y&ecirc;n Tử. Trong qu&aacute; tr&igrave;nh tổ chức thực hiện cưỡng chế đ&atilde; vận động được 25 hộ tự th&aacute;o dỡ 44 c&ocirc;ng tr&igrave;nh, c&ograve;n 18 hộ gia đ&igrave;nh c&oacute; 66 c&ocirc;ng tr&igrave;nh phải thực hiện cưỡng chế.&nbsp;</span></span></p>\r\n<p style="text-align: justify;"><span style="font-size: 14px;"><span style="font-family: arial,helvetica,sans-serif;">B&ecirc;n cạnh đ&oacute;, đ&atilde; ho&agrave;n th&agrave;nh 80% thi c&ocirc;ng tuyến đường tạm l&ecirc;n nh&agrave; ga đi; dọn dẹp mặt bằng v&agrave; san nền khu quảng trường; ho&agrave;n th&agrave;nh 90% phần m&oacute;ng nh&agrave; ga đến v&agrave; s&agrave;n cos 0.00 đủ điều kiện lắp dựng phần kết cấu gỗ thi c&ocirc;ng ch&ugrave;a Thượng.&nbsp;</span></span></p>\r\n<p style="text-align: justify;"><span style="font-size: 14px;"><span style="font-family: arial,helvetica,sans-serif;">Ph&aacute;t biểu kết luận buổi l&agrave;m việc, Ph&oacute; Chủ tịch UBND tỉnh L&ecirc; &Aacute;nh Dương ghi nhận v&agrave; đ&aacute;nh gi&aacute; cao những cố gắng, nỗ lực của ch&iacute;nh quyền địa phương, c&aacute;c sở, ng&agrave;nh, nh&agrave; thầu v&agrave; đơn vị thi c&ocirc;ng trong qu&aacute; tr&igrave;nh thực hiện. Thời gian tới, Ph&oacute; Chủ tịch UBND tỉnh đề nghị c&aacute;c ng&agrave;nh, đơn vị tập trung cao mọi nỗ lực để đẩy nhanh tiến độ thực hiện c&aacute;c dự &aacute;n. Trong c&ocirc;ng t&aacute;c BTGPMB, tập trung cao khu t&aacute;i định cư, x&acirc;y dựng quy hoạch chi tiết v&agrave; bố tr&iacute; kinh ph&iacute; x&acirc;y dựng cơ sở hạ tầng khu t&aacute;i định cư. Trong th&aacute;ng 3, ph&ecirc; duyệt phương &aacute;n BTGPMB, tổ chức giải quyết những vướng mắc đối với những hộ chưa BTGPMB. UBND huyện chỉ đạo x&atilde; lập danh s&aacute;ch những c&ocirc;ng tr&igrave;nh được kiểm đếm, bồi thường. C&ocirc;ng ty Cổ phần dịch vụ T&acirc;y Y&ecirc;n Tử đẩy nhanh tiến độ, triển khai c&aacute;c hạng mục dự &aacute;n, chuẩn bị đủ kinh ph&iacute; để thực hiện c&ocirc;ng t&aacute;c BTGPMB, đẩy nhanh tiến độ dựng ch&ugrave;a Thượng.&nbsp;</span></span></p>\r\n<div style="float: right; margin-right: 20px; margin-bottom: 10px; width: 100%; text-align: right;"><span style="color: #383838;">Diệu Hoa</span></div>', 0, '2017-02-27 23:31:12', '2017-02-27 23:31:12'),
(4, 16, 1, 'Hà Nội: Ngày hội tư vấn tuyển sinh – hướng nghiệp', 'ha-noi-ngay-hoi-tu-van-tuyen-sinh-huong-nghiep', '/images/not_found.jpg', 'Ngày 26/2, tại Hà Nội, Bộ GD&ĐT phối hợp với Sở GD&ĐT Hà Nội, Trường ĐH Bách khoa Hà Nội và Báo tuổi trẻ TPHCM tổ chức Ngày hội tư vấn tuyển sinh – hướng nghiệp.', '<div style="text-align: center;">\r\n<figure class="image" style="display: inline-block;"><img src="http://www.bacgiang.gov.vn/lib/ckfinder/images/11%28281%29.jpg" alt="" width="486" height="325" />\r\n<figcaption>Một gian tư vấn tuyển sinh. Ảnh: VA</figcaption>\r\n</figure>\r\n</div>\r\n<p style="text-align: justify;"><span style="font-size: 14px;">Ph&aacute;t biểu tại lễ khai mạc Ng&agrave;y hội, Thứ trưởng Bộ GD&amp;ĐT Nguyễn Thị Nghĩa nhấn mạnh, đ&acirc;y l&agrave; năm c&oacute; nhiều thay đổi về phương &aacute;n thi THPT quốc gia v&agrave; x&eacute;t tuyển ĐH, CĐ với mục đ&iacute;ch t&aacute;c động trở lại qu&aacute; tr&igrave;nh dạy học ở phổ th&ocirc;ng, g&oacute;p phần quan trọng v&agrave;o mục ti&ecirc;u đổi mới căn bản, to&agrave;n diện gi&aacute;o dục, đ&agrave;o tạo. V&igrave; vậy, việc tư vấn, chia sẻ với c&aacute;c em học sinh những th&ocirc;ng tin cần thiết, ch&iacute;nh x&aacute;c nhất, hỗ trợ c&aacute;c em trong việc lựa chọn ng&agrave;nh học tương lai c&oacute; &yacute; nghĩa rất lớn.</span></p>\r\n<p style="text-align: justify;"><span style="font-size: 14px;">Thứ trưởng Nguyễn Thị Nghĩa lưu &yacute;, kỳ thi THPT quốc gia năm 2017 c&oacute; một số điểm mới về phương &aacute;n thi như tăng cường thi trắc nghiệm, c&oacute; th&ecirc;m b&agrave;i thi tổ hợp (b&agrave;i thi tổ hợp khoa học tự nhi&ecirc;n v&agrave; b&agrave;i thi tổ hợp khoa học x&atilde; hội)&hellip; D&ugrave; đổi mới một số điều, nhưng nội dung thi THPT quốc gia kh&ocirc;ng thay đổi nhiều, n&ecirc;n kh&ocirc;ng ảnh hưởng nhiều đến qu&aacute; tr&igrave;nh &ocirc;n tập v&agrave; chuẩn bị của th&iacute; sinh. Kỳ thi THPT quốc gia năm nay cũng được ph&acirc;n cấp về cho c&aacute;c Sở GD&amp;ĐT chủ tr&igrave;, tạo điều kiện thuận lợi nhất cho th&iacute; sinh tham gia.</span></p>\r\n<p style="text-align: justify;"><span style="font-size: 14px;">Ng&agrave;y hội tư vấn tuyển sinh &ndash; hướng nghiệp năm nay l&agrave; năm thứ 15 tổ chức, đ&atilde; thu h&uacute;t h&agrave;ng ngh&igrave;n th&iacute; sinh đến t&igrave;m hiểu th&ocirc;ng tin.</span></p>\r\n<p style="text-align: justify;"><span style="font-size: 14px;">Năm nay, Ng&agrave;y hội gồm 3 khu vực tư vấn chuy&ecirc;n s&acirc;u: Nh&oacute;m ng&agrave;nh Khoa học tự nhi&ecirc;n, Kỹ thuật, C&ocirc;ng nghệ, Y dược;&nbsp; Nh&oacute;m ng&agrave;nh Kinh tế, B&aacute;o ch&iacute;, Khoa học x&atilde; hội &ndash; nh&acirc;n văn, Ngoại ngữ, C&ocirc;ng an, Qu&acirc;n đội; Khu vực gỡ rối hướng nghiệp &ndash; Chọn lối v&agrave;o đời.</span></p>\r\n<p style="text-align: justify;"><span style="font-size: 14px;">Ban tư vấn gồm 20 th&agrave;nh vi&ecirc;n l&agrave; đại diện Vụ Gi&aacute;o dục ĐH, Cục Khảo th&iacute; v&agrave; Kiểm định chất lượng gi&aacute;o dục (Bộ GD&amp;ĐT), Tổng cục Dạy nghề (Bộ Lao động &ndash; Thương binh v&agrave; X&atilde; hội), Ban Tuyển sinh qu&acirc;n sự (Bộ Quốc ph&ograve;ng) c&ugrave;ng đại diện nhiều trường ĐH lớn, c&aacute;c chuy&ecirc;n gia tư vấn t&acirc;m l&yacute; &ndash; hướng nghiệp&hellip;</span></p>\r\n<p style="text-align: justify;"><span style="font-size: 14px;">C&ugrave;ng với đ&oacute; l&agrave; 120 gian tư vấn của c&aacute;c trường ĐH, trường nghề trong cả nước, gi&uacute;p th&iacute; sinh th&ocirc;ng tin tuyển sinh cụ thể từng trường, trao đổi v&agrave; giải đ&aacute;p thắc mắc của th&iacute; sinh v&agrave; phụ huynh li&ecirc;n quan đến phương thức tuyển sinh, c&aacute;c ng&agrave;nh nghề đ&agrave;o tạo, chỉ ti&ecirc;u tuyển sinh./.</span></p>\r\n<p style="text-align: justify;">&nbsp;</p>\r\n<div style="float: right; margin-right: 20px; margin-bottom: 10px; width: 100%; text-align: right;">&nbsp;</div>\r\n<div style="float: right; margin-right: 20px; margin-bottom: 10px; width: 100%; text-align: right;"><span style="color: #383838;">Theo ĐCSVN</span></div>', 0, '2017-02-27 23:32:04', '2017-02-27 23:32:04'),
(5, 16, 1, 'Ngăn chặn chủng vi rút cúm A/H7N9 và các chủng vi rút khác xâm nhiễm qua biên giới', 'ngan-chan-chung-vi-rut-cum-a-h7n9-va-cac-chung-vi-rut-khac-xam-nhiem-qua-bien-gioi', '/images/not_found.jpg', 'Ngày 26/2, Bộ Nông nghiệp và Phát triển nông thôn (NN&PTNT) phối hợp với tỉnh Lạng Sơn tổ chức Hội nghị triển khai các biện pháp ngăn chặn chủng vi rút cúm A/H7N9 và các chủng vi rút khác xâm nhiễm qua biên giới.', '<p style="text-align: justify;"><span style="font-size: 14px;">Tham dự hội nghị c&oacute; đại diện c&aacute;c Bộ: N&ocirc;ng nghiệp v&agrave; Ph&aacute;t triển n&ocirc;ng th&ocirc;n, C&ocirc;ng an, Y tế, T&agrave;i ch&iacute;nh, C&ocirc;ng thương&hellip;; l&atilde;nh đạo UBND 25 th&agrave;nh phố li&ecirc;n quan v&agrave; đại diện một số Tổ chức quốc tế nước ngo&agrave;i như FAO, WHO, USCDC&hellip;</span></p>\r\n<div style="text-align: center;">\r\n<figure class="image" style="display: inline-block;"><img src="http://www.bacgiang.gov.vn/lib/ckfinder/images/10%28306%29.jpg" alt="" width="486" height="341" />\r\n<figcaption>Tập trung ph&ograve;ng ngừa l&acirc;y nhiễm (Ảnh: N.N)</figcaption>\r\n</figure>\r\n</div>\r\n<p style="text-align: justify;"><span style="font-size: 14px;">Thứ trưởng Bộ NN&amp;PTNT, Vũ Văn T&aacute;m cho biết, theo tổ chức WHO, FAO v&agrave; c&aacute;c tổ chức kh&aacute;c th&igrave; dịch c&uacute;m ph&aacute;t hiện tại Trung Quốc từ th&aacute;ng 3 năm 2013 v&agrave; đến nay c&oacute; 1.179 người bị nhiễm c&uacute;m vi r&uacute;t A/H7N9; trong đ&oacute;, c&oacute; 418 ca tử vong chiếm 34,5%. Theo WHO chỉ trong 2 th&aacute;ng đầu năm 2017 Trung Quốc đ&atilde; ghi nhận 112 trường hợp gười bị nhiễm c&uacute;m A/H7N9 ở 16 tỉnh th&agrave;nh, đặc biệt l&agrave; những tỉnh ph&iacute;a nam gi&aacute;p bi&ecirc;n giới Việt Nam; đ&acirc;y l&agrave; một nguy cơ rất lớn đối với Việt Nam nếu Việt Nam kh&ocirc;ng c&oacute; biện ph&aacute;p kịp thời v&agrave; quyết liệt để ngăn chặn. Được sự gi&uacute;p dỡ của c&aacute;c tổ chức Quốc tế từ những năm 2014 đến nay Việt Nam gi&aacute;m s&aacute;t rất chặt chẽ c&aacute;c loại dịch c&uacute;m tr&ecirc;n gia cầm; đ&atilde; lấy hơn 200 ngh&igrave;n mẫu gi&aacute;m s&aacute;t v&agrave; chưa ph&aacute;t hiện vi r&uacute;t c&uacute;m A/H7N9 tr&ecirc;n gia cầm; c&ugrave;ng với đ&oacute;, Bộ Y tế cũng đ&atilde; gi&aacute;m s&aacute;t chặt chẽ v&agrave; chưa ph&aacute;t hiện c&uacute;m A/H5N9 tr&ecirc;n người. Tuy nhi&ecirc;n, cảnh b&aacute;o của c&aacute;c tổ chức Y tế mặc d&ugrave; từ năm 2014 đến nay tuy chưa ph&aacute;t hiện vi r&uacute;t c&uacute;m A/H7N9 cả tr&ecirc;n người v&agrave; tr&ecirc;n gia cầm ở Việt Nam nhưng nguy cơ l&acirc;y nhiễm l&agrave; rất lớn.</span></p>\r\n<p style="text-align: justify;"><span style="font-size: 14px;">Thực hiện C&ocirc;ng điện khẩn của Thủ tướng Ch&iacute;nh phủ &ldquo;Về việc tập trung ph&ograve;ng chống vi r&uacute;t c&uacute;m A/H7N9 v&agrave; c&aacute;c chủng vi r&uacute;t c&uacute;m gia cầm l&acirc;y lan sang người&rdquo; Bộ N&ocirc;ng nghiệp v&agrave; Ph&aacute;t triển n&ocirc;ng th&ocirc;n phối hợp với tỉnh Lạng Sơn tổ chức hội nghị n&agrave;y nhằm đ&aacute;nh gi&aacute; đ&uacute;ng thực trạng v&agrave; đưa ra những giải ph&aacute;p mạnh mẽ để kiểm so&aacute;t tốt kh&ocirc;ng để vi r&uacute;t c&uacute;m A/H7N9 cũng như c&aacute;c vi r&uacute;t kh&aacute;c c&oacute; nguy cơ l&acirc;y lan qua bi&ecirc;n giới cũng như l&acirc;y lan qua đường bu&ocirc;n lậu, nhập lậu gia cầm cũng như c&aacute;c sản phẩm gia cầm kh&aacute;c. Với tinh thần khẩn cấp để ph&ograve;ng chống nguy cơ l&acirc;y lan của vi r&uacute;t c&uacute;m A/H7N9 qua bi&ecirc;n giới c&aacute;c cơ quan chức năng cần c&oacute; quyết t&acirc;m cao hơn, h&agrave;nh động quyết liệt đồng bộ từ Trung ương đến địa phương, đặc biệt l&agrave; c&aacute;c tỉnh bi&ecirc;n giới c&ugrave;ng với sự gi&uacute;p đỡ của c&aacute;c tổ chức y tế quốc tế, sẽ ngăn chặn th&agrave;nh c&ocirc;ng v&agrave; đẩy l&ugrave;i được c&aacute;c nguy cơ c&aacute;c vi r&uacute;t c&uacute;m gia cầm c&oacute; nguy cơ l&acirc;y lan sang người, đặc biệt l&agrave; vi r&uacute;t c&uacute;m A/H7N9.</span></p>\r\n<p style="text-align: justify;"><span style="font-size: 14px;">Ph&oacute; Chủ tịch UBND tỉnh Lạng Sơn, L&yacute; Vinh Quang cho biết, trước diễn biến dịch c&uacute;m gia cầm c&uacute;m AH7N9 l&acirc;y lan nhanh v&agrave; g&acirc;y tử vong cho h&agrave;ng trăm người ở Trung Quốc. Tỉnh Lạng Sơn đ&atilde; quyết liệt chỉ đạo c&aacute;c cơ quan ban ng&agrave;nh của tỉnh triển khai c&aacute;c biện ph&aacute;p ngăn chặn dịch c&uacute;m l&acirc;y lan như: Tăng cường lực lượng đặc biệt l&agrave; c&aacute;c đường m&ograve;n, lối mở v&agrave; lập l&aacute;n chốt để kiểm so&aacute;t việc bu&ocirc;n lậu gia cầm 24/24 giờ; c&aacute;c Trạm kiểm so&aacute;t tỉnh cũng đ&atilde; tăng cường c&aacute;c trang thiết bị để kiểm tra. Trong nội địa tỉnh cũng tăng cường kiểm tra, kiểm so&aacute;t c&aacute;c điểm chăn nu&ocirc;i, c&aacute;c chợ bu&ocirc;n b&aacute;n gia cầm; tăng cường c&ocirc;ng t&aacute;c tuy&ecirc;n truyền nh&acirc;n d&acirc;n kh&ocirc;ng bu&ocirc;n lậu gia cầm qua bi&ecirc;n giới; ph&aacute;t động th&aacute;ng vệ sinh,ti&ecirc;u độc khử tr&ugrave;ng&hellip; nhằm ngăn chặn hiệu quả chủng vi r&uacute;t c&uacute;m A/H7N9 v&agrave; c&aacute;c chủng vi r&uacute;t kh&aacute;c x&acirc;m nhiễm qua bi&ecirc;n giới.</span></p>\r\n<p style="text-align: justify;"><span style="font-size: 14px;">Tại hội nghị, c&aacute;c đại biểu đ&atilde; thống nhất đưa ra một số định hướng hoạt động trong c&ocirc;ng t&aacute;c ngăn chặn vi r&uacute;t c&uacute;m A/H7N9 v&agrave; c&aacute;c chủng vi r&uacute;t kh&aacute;c x&acirc;m nhiễm qua bi&ecirc;n giới cụ thể như: C&ocirc;ng t&aacute;c chỉ đạo điều h&agrave;nh, c&aacute;c bộ, ban, ng&agrave;nh cần phối hợp với nhau chặt chẽ để triển khai đồng bộ c&aacute;c biện ph&aacute;p, ngăn chặn c&oacute; hiệu quả việc nhập lậu gia cầm, sản phẩm gia cầm qua bi&ecirc;n giới; th&agrave;nh lập c&aacute;c đo&agrave;n c&ocirc;ng t&aacute;c thường xuy&ecirc;n đi kiểm tra, đ&ocirc;n đốc c&ocirc;ng t&aacute;c ph&ograve;ng, chống dịch tại tuyến cơ sở.</span></p>\r\n<p style="text-align: justify;"><span style="font-size: 14px;">C&aacute;c tỉnh bi&ecirc;n giới chỉ đạo c&aacute;c đơn vị chức năng như Bộ đội Bi&ecirc;n ph&ograve;ng, Hải quan, C&ocirc;ng an, Quản l&yacute; thị thường&hellip; tổ chức kiểm so&aacute;t chặt chẽ, ngăn chặn việc nhập lậu gia cầm, sản phẩm gia cầm, xử l&yacute; triệt để c&aacute;c đường d&acirc;y vận chuyển, c&aacute;c vụ việc bu&ocirc;n lậu, vận chuyển tr&aacute;i ph&eacute;p gia cầm, sản phẩm gia cầm qua bi&ecirc;n giới. Trong nội địa cần tăng cường hoạt động kiểm so&aacute;t li&ecirc;n ng&agrave;nh, hỗ trợ ng&agrave;nh Th&uacute; y trong c&ocirc;ng t&aacute;c kiểm dịch; xử l&yacute; nghi&ecirc;m c&aacute;c trường hợp vận chuyển, kinh doanh gia cầm, động vật, sản phẩm gia cầm, động vật kh&ocirc;ng r&otilde; nguồn gốc, kh&ocirc;ng c&oacute; giấy chứng nhận kiểm dịch vận chuyển theo quy định; tăng cường kiểm tra, ph&aacute;t hiện v&agrave; triệt ph&aacute; c&aacute;c điểm giết mổ, bu&ocirc;n b&aacute;n gia cầm tr&aacute;i ph&eacute;p cũng như kiểm so&aacute;t chặt chẽ về nguồn gốc gia cầm tại c&aacute;c chợ bu&ocirc;n b&aacute;n gia cầm sống ở c&aacute;c tỉnh c&oacute; li&ecirc;n quan đến việc bu&ocirc;n b&aacute;n, vận chuyển, thu gom, tập kết, ti&ecirc;u thụ gia cầm, sản phẩm gia cầm nhập lậu, kh&ocirc;ng r&otilde; nguồn gốc&hellip;</span></p>\r\n<p style="text-align: justify;"><span style="font-size: 14px;">C&aacute;c địa phương chủ động gi&aacute;m s&aacute;t v&agrave; lấy mẫu gia cầm được bu&ocirc;n b&aacute;n tại c&aacute;c chợ, điểm thu gom, tập kết thuộc m&ocirc;i trường địa b&agrave;n c&oacute; nguy cơ cao để kịp thời chuẩn đo&aacute;n, x&eacute;t nghiệm đối với c&aacute;c mẫu gi&aacute;m s&aacute;t, c&aacute;c mẫu chuẩn đo&aacute;n dịch bệnh; nghi&ecirc;n cứ x&acirc;y dựng c&aacute;c phương ph&aacute;p x&eacute;t nghiệm nhanh c&oacute; thể &aacute;p dụng ngay tại thực địa nhằm ph&aacute;t hiện kịp thời vi r&uacute;t x&acirc;m nhập. C&ugrave;ng với đ&oacute;, c&aacute;c địa phương cũng chủ động phụn độc, khử tr&ugrave;ng khu vực cửa khẩu, đường m&ograve;n, lối tắt, phương tiện vận chuyển qua lại đường bi&ecirc;n giới; vệ sinh, ti&ecirc;u độc, khử tr&ugrave;ng tại c&aacute;c chợ bu&ocirc;n b&aacute;n gia cầm, khu vực tập kết, vận chuyển gia cầm, cơ sở giết mổ gia cầm, khu vực ổ dịch cũ, địa b&agrave;n c&oacute; nguy cơ cao.&nbsp;</span></p>\r\n<p style="text-align: justify;"><span style="font-size: 14px;">C&ugrave;ng với đ&oacute;, c&aacute;c ng&agrave;nh chức năng, c&aacute;c địa phương cần phối hợp chặt chẽ với c&aacute;c cơ quan th&ocirc;ng tấn, b&aacute;o ch&iacute; để cung cấp th&ocirc;ng tin về t&igrave;nh h&igrave;nh dịch bệnh c&uacute;m gia cầm, thực hiện c&ocirc;ng t&aacute;c truyền th&ocirc;ng về nguy cơ của vi r&uacute;t c&uacute;m A/H7N9, đảm bảo sức khỏe cho cộng đồng, hạn chế t&aacute;c động ti&ecirc;u cực đến nền kinh tế, n&acirc;ng cao nhận thức của ch&iacute;nh quyền v&agrave; nh&acirc;n d&acirc;n về sự nguy hiểm của vi r&uacute;t c&uacute;m A/H7N9; phối hợp chặt chẽ với c&aacute;c tổ chức quốc tế như OIE, FAO, WHO&hellip; v&agrave; c&aacute;c nước c&oacute; li&ecirc;n quan để chia sẻ th&ocirc;ng tin về t&igrave;nh h&igrave;nh dịch bệnh v&agrave; c&aacute;c biện ph&aacute;p ph&ograve;ng chống; lập kế hoạch ứng ph&oacute; cụ thể cho từng t&igrave;nh huống dịch, triển khai diễn tập ứng ph&oacute; dịch, đ&aacute;nh gi&aacute; nguy cơ l&acirc;y nhiễm&hellip;</span></p>\r\n<div style="float: right; margin-right: 20px; margin-bottom: 10px; width: 100%; text-align: right;">&nbsp;</div>\r\n<div style="float: right; margin-right: 20px; margin-bottom: 10px; width: 100%; text-align: right;"><span style="color: #383838;">Theo ĐCSVN</span></div>', 0, '2017-02-27 23:32:41', '2017-02-27 23:32:41');
INSERT INTO `posts` (`id`, `category_id`, `user_id`, `title`, `slug`, `thumb`, `description`, `body`, `views`, `created_at`, `updated_at`) VALUES
(6, 19, 1, 'Lên chùa Đồng qua Tây Yên Tử, cần chuẩn bị những gì?', 'len-chua-dong-qua-tay-yen-tu-can-chuan-bi-nhung-gi', '/source/images/Capture.PNG', 'Hằng năm, mỗi dịp Tết đến, Xuân về, hàng triệu du khách trong và ngoài nước lại nô nức hành hương về Yên Tử - Vùng đất Phật linh thiêng, huyền bí. Tuy nhiên, việc trải nghiệm từ phía Đông Yên Tử (Quảng Ninh) không còn là điều xa lạ và dần kém hấp dẫn, nhất là những du khách trẻ và người nước ngoài. Hiện nay, nhiều du khách, nhất là những người trẻ, ưa mạo hiểm, muốn trải nghiệm khám phá thì hầu hết có xu hướng chọn con đường lên chùa Đồng từ phía Tây Yên Tử (phía tỉnh Bắc Giang).', '<div style="text-align: center;">\r\n<figure class="image" style="display: inline-block;"><img src="http://www.bacgiang.gov.vn/lib/ckfinder/images/IMG_7686.jpg" alt="" width="482" height="347" />\r\n<figcaption>L&ecirc;n ch&ugrave;a Đồng từ ch&ugrave;a Hạ (T&acirc;y Y&ecirc;n Tử). Ảnh: BGP/Nguyễn An</figcaption>\r\n</figure>\r\n</div>\r\n<p style="text-align: justify;"><span style="font-size: 14px;"><span style="font-family: arial,helvetica,sans-serif;"><strong>X&aacute;c định r&otilde; lộ tr&igrave;nh</strong></span></span></p>\r\n<p style="text-align: justify;"><span style="font-size: 14px;"><span style="font-family: arial,helvetica,sans-serif;">Nếu bạn chưa bao giờ trải nghiệm cung đường n&agrave;y th&igrave; cần trang bị cho m&igrave;nh một số kiến thức trước cuộc h&agrave;nh hương th&uacute; vị n&agrave;y.</span></span></p>\r\n<p style="text-align: justify;"><span style="font-size: 14px;"><span style="font-family: arial,helvetica,sans-serif;">Việc đầu ti&ecirc;n l&agrave; cần tra cứu th&ocirc;ng tin về qu&atilde;ng đường, từ nơi xuất ph&aacute;t đến ch&ugrave;a Đồng qua T&acirc;y Y&ecirc;n Tử (chia sẻ kinh nghiệm của d&acirc;n phượt tr&ecirc;n internet kh&aacute; phong ph&uacute;), từ đ&oacute; l&ecirc;n kế hoạch chi tiết về ng&agrave;y, giờ v&agrave; từng nội dung c&ocirc;ng việc.</span></span></p>\r\n<p style="text-align: justify;"><span style="font-size: 14px;"><span style="font-family: arial,helvetica,sans-serif;">Bạn cần biết, để l&ecirc;n ch&ugrave;a Đồng qua T&acirc;y Y&ecirc;n Tử phải đi bộ đường rừng, vượt n&uacute;i với đoạn đường d&agrave;i khoảng 6km. Với tốc độ trung b&igrave;nh bạn sẽ phải mất khoảng 3 giờ đồng hồ để leo l&ecirc;n ch&ugrave;a Đồng từ khu vực ch&ugrave;a Hạ (T&acirc;y Y&ecirc;n Tử). Đường xuy&ecirc;n rừng kh&aacute; hiểm trở (chiếm khoảng hơn 1/3 qu&atilde;ng đường), bạn sẽ phải vượt qua một v&agrave;i v&aacute;ch n&uacute;i, đoạn suối cạn c&oacute; độ dốc lớn (khoảng 40<sup>0</sup>).</span></span></p>\r\n<p style="text-align: justify;"><span style="font-size: 14px;"><span style="font-family: arial,helvetica,sans-serif;">Th&ocirc;ng thường, nếu thời tiết thuận lợi, du kh&aacute;ch bắt đầu leo n&uacute;i l&uacute;c 7 giờ s&aacute;ng, đến khoảng 10 giờ l&agrave; c&oacute; thể l&ecirc;n đến ch&ugrave;a Đồng. L&agrave;m lễ xong sẽ xuống khu vực ch&acirc;n tượng Phật Ho&agrave;ng nghỉ ăn trưa, ngắm cảnh&hellip; Đến 14 giờ, quay trở lại v&agrave; kết th&uacute;c h&agrave;nh tr&igrave;nh tại ch&ugrave;a Hạ l&uacute;c 16 giờ.</span></span></p>\r\n<p style="text-align: justify;"><span style="font-size: 14px;"><span style="font-family: arial,helvetica,sans-serif;">Hiện nay, du kh&aacute;ch thường đi theo lối n&agrave;y v&agrave;o m&ugrave;a lễ hội (từ khoảng th&aacute;ng Gi&ecirc;ng đến th&aacute;ng 3 &acirc;m lịch), l&uacute;c n&agrave;y thời tiết c&ograve;n kh&aacute; lạnh. Ti&ecirc;u ch&iacute; về đồ d&ugrave;ng, vật dụng của du kh&aacute;ch khi h&agrave;nh hương qua lối n&agrave;y l&agrave; mọi thứ phải gọn, nhẹ, chắc chắn.</span></span></p>\r\n<p style="text-align: justify;"><span style="font-size: 14px;"><span style="font-family: arial,helvetica,sans-serif;"><strong>Những điều kiện cần</strong></span></span></p>\r\n<p style="text-align: justify;"><span style="font-size: 14px;"><span style="font-family: arial,helvetica,sans-serif;"><strong>Người dẫn đường:</strong> Nếu bạn hoặc đo&agrave;n của bạn chưa từng trải nghiệm qua con đường n&agrave;y th&igrave; lời khuy&ecirc;n tốt nhất l&agrave; bạn n&ecirc;n li&ecirc;n hệ trước với Ban quản l&yacute; khu du lịch văn h&oacute;a t&acirc;m linh T&acirc;y Y&ecirc;n Tử (th&ocirc;n Mậu, x&atilde; Tuấn Mậu, huyện Sơn Động, tỉnh Bắc Giang) nhờ người dẫn đường &ndash; <strong>Số điện thoại: 0968.957.145 Anh Thanh</strong>. </span></span><span style="font-size: 14px;"><span style="font-family: arial,helvetica,sans-serif;">Tại ch&ugrave;a Hạ (T&acirc;y Y&ecirc;n Tử) hiện đ&atilde; c&oacute; dịch vụ n&agrave;y (chi ph&iacute; khoảng từ 200 &ndash; 300 ngh&igrave;n/lượt dẫn cả đi v&agrave; về). </span></span></p>\r\n<p style="text-align: justify;"><span style="font-size: 14px;"><span style="font-family: arial,helvetica,sans-serif;">Ngo&agrave;i ra, bạn c&oacute; thể nhờ l&agrave;m sẵn đồ ăn tại đ&acirc;y (g&agrave; nướng, g&agrave; luộc, x&ocirc;i&hellip;, khoảng 300 ngh&igrave;n/con g&agrave; nướng 1,5kg). Th&ocirc;ng qua người dẫn đường bản địa, bạn c&ograve;n được biết nhiều th&ocirc;ng tin về văn h&oacute;a, con người nơi đ&acirc;y v&agrave; cả lịch sử con đường t&acirc;m linh n&agrave;y.</span></span></p>\r\n<div style="text-align: center;">\r\n<figure class="image" style="display: inline-block;"><img src="http://www.bacgiang.gov.vn/lib/ckfinder/images/IMG_7722%283%29.jpg" alt="" width="482" height="363" />\r\n<figcaption>Người dẫn đường (đi trước) c&oacute; vai tr&ograve; quan trọng khi đi qua đường m&ograve;n xuy&ecirc;n rừng. Ảnh: BGP/Nguyễn An</figcaption>\r\n</figure>\r\n</div>\r\n<p style="text-align: justify;"><span style="font-size: 14px;"><span style="font-family: arial,helvetica,sans-serif;"><strong>Trang phục:</strong> Bạn n&ecirc;n chọn mặc quần &aacute;o ấm, chất liệu nhẹ (quần gi&oacute;, &aacute;o l&ocirc;ng vũ l&agrave; tốt nhất) kh&ocirc;ng thấm mồ h&ocirc;i v&igrave; khi leo l&ecirc;n sẽ n&oacute;ng, mặc quần &aacute;o nhẹ c&oacute; thể cởi ra buộc v&agrave;o người hoặc cho v&agrave;o ba l&ocirc; kh&ocirc;ng l&agrave;m tăng th&ecirc;m trọng lượng. Tuy nhi&ecirc;n, khi l&ecirc;n đến đỉnh n&uacute;i th&igrave; nhiệt độ sẽ rất thấp v&agrave; c&oacute; gi&oacute; mạnh (rất lạnh). Do đ&oacute;, bạn cần mặc trang phục giữ nhiệt v&agrave; chắn gi&oacute; tốt.</span></span></p>\r\n<p style="text-align: justify;"><span style="font-size: 14px;"><span style="font-family: arial,helvetica,sans-serif;"><strong>Giầy:</strong> Bạn n&ecirc;n chọn giầy thể thao (kh&ocirc;ng thể đi giầy cao g&oacute;t, hoặc giầy bệt), đế giầy phải c&oacute; độ b&aacute;m ma s&aacute;t tốt.</span></span></p>\r\n<p style="text-align: justify;"><span style="font-size: 14px;"><span style="font-family: arial,helvetica,sans-serif;"><strong>Gậy:</strong> Đ&acirc;y l&agrave; vật dụng kh&ocirc;ng thể thiếu. V&igrave; bạn phải vượt qua một số đoạn n&uacute;i kh&aacute; gập ghềnh hiểm trở n&ecirc;n cần c&oacute; người bạn đồng h&agrave;nh n&agrave;y để giảm bớt mệt mỏi.</span></span></p>\r\n<p style="text-align: justify;"><span style="font-size: 14px;"><span style="font-family: arial,helvetica,sans-serif;"><strong>Găng tay (nếu cần):</strong> N&ecirc;n chọn cho m&igrave;nh một đ&ocirc;i găng tay len hoặc sợi gai c&oacute; độ b&aacute;m tốt để c&oacute; thể cầm nắm, vịn những c&acirc;y cối hoặc v&aacute;ch đ&aacute; khi leo.</span></span></p>\r\n<p style="text-align: justify;"><span style="font-size: 14px;"><span style="font-family: arial,helvetica,sans-serif;"><strong>Nước uống:</strong> V&igrave; tr&egrave;o n&uacute;i mất nhiều sức v&agrave; lấy của bạn nhiều mồ h&ocirc;i, n&ecirc;n bạn cần chuẩn bị đủ đồ uống &iacute;t nhất phải 1 l&iacute;t/người (nếu c&oacute; nước kho&aacute;ng hoặc nước chanh mật ong pha lo&atilde;ng, th&ecirc;m ch&uacute;t muối c&agrave;ng tốt); hơn nữa, nếu l&ecirc;n đỉnh n&uacute;i mua nước th&igrave; bạn sẽ phải chịu gi&aacute; kh&aacute; ch&aacute;t (kh&ocirc;ng dưới 30 ngh&igrave;n/chai 500ml).</span></span></p>\r\n<div style="text-align: center;">\r\n<figure class="image" style="display: inline-block;"><img src="http://www.bacgiang.gov.vn/lib/ckfinder/images/IMG_7844.jpg" alt="" width="482" height="362" />\r\n<figcaption>Bạn kh&ocirc;ng thể thiếu nước trong suốt h&agrave;nh tr&igrave;nh. Ảnh: BGP/Nguyễn An</figcaption>\r\n</figure>\r\n</div>\r\n<p style="text-align: justify;"><span style="font-size: 14px;"><span style="font-family: arial,helvetica,sans-serif;"><strong>Đồ ăn:</strong> Trước khi tr&egrave;o n&uacute;i, bạn n&ecirc;n ăn s&aacute;ng (kh&ocirc;ng n&ecirc;n ăn qu&aacute; no, nặng bụng), nhưng đồ ăn phải gi&agrave;u dinh dưỡng, nhiều calo (c&oacute; thể gh&eacute; qua thị trấn Thanh Sơn c&aacute;ch ch&ugrave;a Hạ khoảng 3km c&oacute; đủ c&aacute;c m&oacute;n ăn s&aacute;ng). Ngo&agrave;i ra, nếu đi nhiều người, bạn n&ecirc;n chuẩn bị đồ ăn l&oacute;t dạ v&agrave;o buổi trưa khi leo l&ecirc;n đến đỉnh ch&ugrave;a Đồng như: X&ocirc;i, g&agrave;, gi&ograve;, b&aacute;nh m&igrave; (nếu kh&ocirc;ng muốn mang từ dưới l&ecirc;n, bạn c&oacute; thể đặt đồ ăn người d&acirc;n bản địa dựng l&aacute;n tr&ecirc;n lưng chừng trời, giữa chặng đường đi. Gi&aacute; 1 con g&agrave; nướng khoảng 300.000đ. <strong>SĐT: 01632.434.468 Anh Cương</strong>).</span></span></p>\r\n<p style="text-align: justify;"><span style="font-size: 14px;"><span style="font-family: arial,helvetica,sans-serif;"><strong>Mũ mềm:</strong> Mặc d&ugrave; khi đang leo n&uacute;i kh&ocirc;ng cần đội, nhưng khi đến đỉnh n&uacute;i sẽ rất lạnh bạn n&ecirc;n đội mũ mềm (che k&iacute;n tai c&agrave;ng tốt) ph&ograve;ng cảm lạnh do nhiệt độ thay đổi đột ngột.</span></span></p>\r\n<p style="text-align: justify;"><span style="font-size: 14px;"><span style="font-family: arial,helvetica,sans-serif;"><strong>Đồ y tế:</strong> Bạn n&ecirc;n chuẩn bị thuốc giảm đau, dầu gi&oacute;, băng, b&ocirc;ng&hellip; ph&ograve;ng c&aacute;c trường hợp bất trắc.</span></span></p>\r\n<p style="text-align: justify;"><span style="font-size: 14px;"><span style="font-family: arial,helvetica,sans-serif;"><strong>Đồ lễ:</strong> Bạn n&ecirc;n chuẩn bị đồ lễ chay (v&igrave; đi lễ Phật) như: Tr&aacute;i c&acirc;y, b&aacute;nh kẹo, hương, hoa,&hellip;</span></span></p>\r\n<p style="text-align: justify;"><span style="font-size: 14px;"><span style="font-family: arial,helvetica,sans-serif;"><strong>Tiền:</strong> Dĩ nhi&ecirc;n rồi, bạn cần mang theo tiền (khoảng 500 ngh&igrave;n/người l&agrave; đủ) để c&oacute; thể mua một số đồ lưu niệm hoặc c&aacute;c loại l&acirc;m thổ sản (nếu th&iacute;ch). Tại cầu suối Nước Trong hay ngay tại khu vực ch&ugrave;a Hạ cũng c&oacute; điểm b&aacute;n l&acirc;m thổ sản v&agrave; thuốc Nam (uống, xoa b&oacute;p) của đồng b&agrave;o người Dao rất tốt.</span></span></p>\r\n<p style="text-align: justify;"><span style="font-size: 14px;"><span style="font-family: arial,helvetica,sans-serif;"><strong>Ba l&ocirc;:</strong> Sau c&ugrave;ng, bạn cần c&oacute; một chiếc ba l&ocirc; nhỏ gọn đủ c&oacute; thể chứa c&aacute;c vật dụng cần thiết của c&aacute; nh&acirc;n cũng như đồ chung của cả đo&agrave;n (nước, mũ, dầu gi&oacute;, khăn mặt, đồ ăn, dao gọt tr&aacute;i c&acirc;y, k&eacute;o, d&acirc;y buộc&hellip;)</span></span></p>\r\n<p style="text-align: justify;"><span style="font-size: 14px;"><span style="font-family: arial,helvetica,sans-serif;"><strong>Phương ph&aacute;p leo n&uacute;i</strong></span></span></p>\r\n<p style="text-align: justify;"><span style="font-size: 14px;"><span style="font-family: arial,helvetica,sans-serif;">Sau khi đ&atilde; chuẩn bị chu đ&aacute;o c&aacute;c vật dụng tr&ecirc;n, phương tiện bạn cần c&oacute; th&ecirc;m phương ph&aacute;p leo n&uacute;i ph&ugrave; hợp, hiệu quả, kh&ocirc;ng mất nhiều sức.</span></span></p>\r\n<p style="text-align: justify;"><span style="font-size: 14px;"><span style="font-family: arial,helvetica,sans-serif;">Nếu bạn đi th&agrave;nh đo&agrave;n nhiều người, tất cả những đồ d&ugrave;ng, vật dụng chung (đồ ăn, nước uống, đồ lễ&hellip;) n&ecirc;n chia đều cho từng th&agrave;nh vi&ecirc;n. N&ecirc;n giữ khoảng c&aacute;ch tương đối gần giữa c&aacute;c th&agrave;nh vi&ecirc;n v&igrave; bạn sẽ cần những c&aacute;nh tay để k&eacute;o bạn l&ecirc;n trong t&igrave;nh huống hụt hơi v&igrave; mệt.</span></span></p>\r\n<p style="text-align: justify;"><span style="font-size: 14px;"><span style="font-family: arial,helvetica,sans-serif;"><strong>Ph&acirc;n phối sức cho hợp l&yacute;, hạn chế n&oacute;i cười khi leo dốc cao</strong></span></span></p>\r\n<p style="text-align: justify;"><span style="font-size: 14px;"><span style="font-family: arial,helvetica,sans-serif;">Đoạn đường bạn phải chinh phục d&agrave;i khoảng 6km. Trong đ&oacute;, đoạn đầu ti&ecirc;n d&agrave;i khoảng 1,5km, địa h&igrave;nh tương đối dễ đi, bạn n&ecirc;n thong thả vừa đi vừa ngắm cảnh hai b&ecirc;n đường v&agrave; h&iacute;t thở kh&ocirc;ng kh&iacute; trong l&agrave;nh, đồng thời cũng để cho cơ thể th&iacute;ch nghi dần.</span></span></p>\r\n<div style="text-align: center;">\r\n<figure class="image" style="display: inline-block;"><img src="http://www.bacgiang.gov.vn/lib/ckfinder/images/IMG_7870.jpg" alt="" width="482" height="348" />\r\n<figcaption>Đoạn suối cạn c&oacute; độ dốc lớn, kh&aacute; hiểm trở. Ảnh: BGP/Nguyễn An</figcaption>\r\n</figure>\r\n</div>\r\n<p style="text-align: justify;"><span style="font-size: 14px;"><span style="font-family: arial,helvetica,sans-serif;">Đoạn đường tiếp theo (d&agrave;i khoảng 2,5km), sau khi đến khu vực x&acirc;y dựng ch&ugrave;a Trung bạn sẽ phải vượt qua khu vực địa h&igrave;nh kh&aacute; hiểm trở, nhiều chỗ c&oacute; v&aacute;ch đ&aacute;, suối cạn c&oacute; độ dốc lớn (khoảng 40<sup>0</sup>). Để vượt qua đoạn n&agrave;y, bạn cần tập trung sức, kh&ocirc;ng n&oacute;i cười nhiều (mất sức), n&ecirc;n nghỉ giải lao khoảng 2 &ndash; 3 lần. Khi bước tr&ecirc;n những tảng đ&aacute; cổ phủ rong r&ecirc;u bạn cần chắc chắn tảng đ&aacute; đ&oacute; kh&ocirc;ng trơn trượt. C&ugrave;ng đ&oacute;, cần ph&aacute;t huy tốt vai tr&ograve; của c&acirc;y gậy trong tay bạn (l&uacute;c n&agrave;y, n&oacute; thực sự l&agrave; một người bạn v&ocirc; c&ugrave;ng hữu &iacute;ch). Khi vượt qua những v&aacute;ch đ&aacute; cao, bạn n&ecirc;n đi khom người về ph&iacute;a trước (khoảng 45<sup>0</sup>) để ph&acirc;n t&aacute;n trọng lực, tr&aacute;nh xảy ra trơn trượt.</span></span></p>\r\n<p style="text-align: justify;"><span style="font-size: 14px;"><span style="font-family: arial,helvetica,sans-serif;">Tuy nhi&ecirc;n, bạn cũng y&ecirc;n t&acirc;m, khi bạn vượt qua đoạn suối cạn kh&oacute; khăn nhất, bạn sẽ được nghỉ ngơi v&agrave; được mời thưởng thức tr&agrave; n&oacute;ng tại l&aacute;n của người d&acirc;n bản địa nhiệt t&igrave;nh, mến kh&aacute;ch dựng l&ecirc;n tại đ&acirc;y. Họ c&ograve;n tạo những bậc thang bằng gỗ để gi&uacute;p bạn vượt qua những v&aacute;ch đ&aacute; cheo leo ở đoạn n&agrave;y một c&aacute;ch dễ d&agrave;ng (mỗi lần vượt qua 3 &ndash; 4 đoạn thang c&oacute; thu ph&iacute; 5000đ/người bao gồm cả lượt đi, lượt về).</span></span></p>\r\n<div style="text-align: center;">\r\n<figure class="image" style="display: inline-block;"><img src="http://www.bacgiang.gov.vn/lib/ckfinder/images/IMG_8017.jpg" alt="" width="482" height="333" />\r\n<figcaption>Điểm di t&iacute;ch ch&ugrave;a Hạ nh&igrave;n từ tr&ecirc;n cao. Ảnh: BGP/Nguyễn An</figcaption>\r\n</figure>\r\n</div>\r\n<p style="text-align: justify;"><span style="font-size: 14px;"><span style="font-family: arial,helvetica,sans-serif;">Cuối c&ugrave;ng, vượt qua đoạn đường gập ghềnh, bạn sẽ nhận được cảm gi&aacute;c tuyệt vời của người chiến thắng sau khi chinh phục đỉnh cao. Ngo&aacute;i nh&igrave;n lại, to&agrave;n cảnh quần thể di t&iacute;ch ch&ugrave;a Hạ v&agrave; một v&ugrave;ng thi&ecirc;n nhi&ecirc;n n&uacute;i non h&ugrave;ng vĩ, l&agrave;ng bản hữu t&igrave;nh ph&iacute;a T&acirc;y Y&ecirc;n Tử hiện ra trước mắt bạn.</span></span></p>\r\n<p style="text-align: justify;"><span style="font-size: 14px;"><span style="font-family: arial,helvetica,sans-serif;">L&ecirc;n đến đỉnh n&uacute;i, chỗ ng&atilde; ba, một đường rẽ tr&aacute;i sang ch&ugrave;a Thượng (T&acirc;y Y&ecirc;n Tử), rẽ phải để đi sang Đ&ocirc;ng Y&ecirc;n Tử l&ecirc;n ch&ugrave;a Đồng. Tại đ&acirc;y c&oacute; tảng đ&aacute; cổ h&igrave;nh con r&ugrave;a rất kỳ th&uacute;. Bạn n&ecirc;n nghỉ giải lao tại đ&acirc;y v&agrave; tự thưởng cho m&igrave;nh những bức Selfie tuyệt đẹp. Từ đ&acirc;y, bạn sẽ phải đi xuy&ecirc;n qua bạt ng&agrave;n rừng tr&uacute;c để đến khu vực th&aacute;p 9 tầng v&agrave; tượng Phật Ho&agrave;ng Trần Nh&acirc;n T&ocirc;ng rồi đi ngược l&ecirc;n đến ch&ugrave;a Đồng.</span></span></p>\r\n<div style="text-align: center;">\r\n<figure class="image" style="display: inline-block;"><img src="http://www.bacgiang.gov.vn/lib/ckfinder/images/IMG_8007%281%29.JPG" alt="" width="482" height="349" />\r\n<figcaption>"Cụ r&ugrave;a đ&aacute;" trầm mặc trước thời gian tr&ecirc;n n&uacute;i Y&ecirc;n Tử. Ảnh: BGP/Nguyễn An</figcaption>\r\n</figure>\r\n</div>\r\n<p style="text-align: justify;"><span style="font-size: 14px;"><span style="font-family: arial,helvetica,sans-serif;">Sau khi l&agrave;m lễ tại ch&ugrave;a Đồng xong, bạn c&oacute; thể trở xuống khu vực ch&acirc;n tượng Phật Ho&agrave;ng v&agrave;o c&aacute;c qu&aacute;n ăn thu&ecirc; b&agrave;n (100 ngh&igrave;n/b&agrave;n), ăn l&oacute;t dạ rồi thưởng ngoạn cảnh đẹp non nước m&acirc;y trời từ tr&ecirc;n đỉnh Y&ecirc;n Tử v&agrave; mua sắm đồ lưu niệm, hoặc c&oacute; thể mua tại ch&ugrave;a Hạ (T&acirc;y Y&ecirc;n Tử) sau khi trở về kết th&uacute;c cuộc h&agrave;nh tr&igrave;nh.</span></span></p>\r\n<div style="text-align: center;">\r\n<figure class="image" style="display: inline-block;"><img src="http://www.bacgiang.gov.vn/lib/ckfinder/images/IMG_7977.jpg" alt="" width="482" height="362" />\r\n<figcaption>Đường l&ecirc;n ch&ugrave;a Đồng. Ảnh: BGP/Nguyễn An</figcaption>\r\n</figure>\r\n</div>\r\n<p style="text-align: justify;"><span style="font-size: 14px;"><span style="font-family: arial,helvetica,sans-serif;"><strong>Cẩn trọng khi xuống n&uacute;i</strong></span></span></p>\r\n<p style="text-align: justify;"><span style="font-size: 14px;"><span style="font-family: arial,helvetica,sans-serif;">Sau khi quay lại ch&ugrave;a Hạ (T&acirc;y Y&ecirc;n Tử), bạn vẫn cần d&ugrave;ng gậy để đi xuống. Mặc d&ugrave; xuống sẽ nhẹ nh&agrave;ng hơn l&uacute;c l&ecirc;n v&agrave; thời gian cũng nhanh hơn (khoảng 1,5 giờ đồng hồ). Tuy nhi&ecirc;n, sau chuyến l&ecirc;n n&uacute;i, l&uacute;c n&agrave;y cơ thể bạn đ&atilde; kh&aacute; mệt, hơn nữa, khi xuống to&agrave;n bộ trọng lượng cơ thể sẽ dồn hết v&agrave;o hai ch&acirc;n, nhất l&agrave; khớp gối v&agrave; cổ ch&acirc;n. Do đ&oacute;, tại những vị tr&iacute; hiểm trở, khi xuống bạn cần hết sức cẩn trọng, kh&ocirc;ng n&ecirc;n đi nhanh, n&ecirc;n xoay nghi&ecirc;ng người, c&uacute;i thấp xuống rồi thả một ch&acirc;n xuống trước, một tay chống gậy xuống c&ugrave;ng, thấy chắc chắn bạn mới nhấc nốt ch&acirc;n c&ograve;n lại, người hơi nghi&ecirc;ng về ph&iacute;a sau mới bảo đảm an to&agrave;n kh&ocirc;ng trơn trượt.</span></span></p>\r\n<div style="text-align: center;">\r\n<figure class="image" style="display: inline-block;"><img src="http://www.bacgiang.gov.vn/lib/ckfinder/images/IMG_7645.jpg" alt="" width="482" height="342" />\r\n<figcaption>Du kh&aacute;ch tham quan, mua cho m&igrave;nh những chai thuốc Nam của đồng b&agrave;o người Dao<br /> rất hiệu quả trong việc trị đau nhức xương, khớp. Ảnh: BGP/Nguyễn An</figcaption>\r\n</figure>\r\n</div>\r\n<p style="text-align: justify;"><span style="font-size: 14px;"><span style="font-family: arial,helvetica,sans-serif;"><strong>Mua thuốc xoa b&oacute;p</strong></span></span></p>\r\n<p style="text-align: justify;"><span style="font-size: 14px;"><span style="font-family: arial,helvetica,sans-serif;">Chắc chắn sau cuộc h&agrave;nh tr&igrave;nh, xuống tới ch&acirc;n n&uacute;i khu vực ch&ugrave;a Hạ (T&acirc;y Y&ecirc;n Tử), to&agrave;n thể hai bắp ch&acirc;n v&agrave; c&aacute;c khớp xương của bạn sẽ mỏi nhức. C&oacute; người c&ograve;n rất đau khớp gối (bản th&acirc;n t&ocirc;i), thậm ch&iacute; kh&ocirc;ng thể đi được v&igrave; trọng lượng cơ thể đ&egrave; l&ecirc;n đĩa đệm khớp gối v&agrave; cột sống. Để nhanh ch&oacute;ng xoa dịu cơn đau, mỏi nhức cơ, xương, bạn n&ecirc;n chọn mua một chai rượu ng&acirc;m thuốc Nam theo phương thức b&iacute; truyền của đồng b&agrave;o người Dao tại đ&acirc;y (ngay tại ch&acirc;n cầu suối Nước Trong hoặc tại ch&ugrave;a Hạ c&oacute; b&aacute;n 40 ngh&igrave;n đồng/chai). Mua xong xoa b&oacute;p ngay, th&ecirc;m một lần nữa trước khi nghỉ ngơi, qua 1 đ&ecirc;m s&aacute;ng h&ocirc;m sau bạn sẽ thấy một điều kỳ diệu của phương thuốc n&agrave;y. Tất cả đau nhức, mỏi mệt tan biến như kh&ocirc;ng c&oacute; chuyện g&igrave; xảy ra với cơ thể bạn (trải nghiệm của c&aacute; nh&acirc;n).</span></span></p>\r\n<p style="text-align: justify;"><span style="font-size: 14px;"><span style="font-family: arial,helvetica,sans-serif;"><strong>Kh&ocirc;ng xả r&aacute;c bừa b&atilde;i</strong></span></span></p>\r\n<div style="text-align: center;">\r\n<figure class="image" style="display: inline-block;"><img src="http://www.bacgiang.gov.vn/lib/ckfinder/images/IMG_7906.jpg" alt="" width="482" height="350" />\r\n<figcaption>Xin h&atilde;y chung tay tr&aacute;ch nhiệm, kh&ocirc;ng xả r&aacute;c bừa b&atilde;i. Ảnh: BGP/Nguyễn An</figcaption>\r\n</figure>\r\n</div>\r\n<p style="text-align: justify;"><span style="font-size: 14px;"><span style="font-family: arial,helvetica,sans-serif;">Trong suốt cuộc h&agrave;nh tr&igrave;nh, bạn sẽ phải sử dụng nước đ&oacute;ng chai, t&uacute;i chứa đồ ăn&hellip; Xin h&atilde;y mang theo v&agrave; bỏ v&agrave;o th&ugrave;ng r&aacute;c (tr&ecirc;n đỉnh ph&iacute;a Đ&ocirc;ng Y&ecirc;n Tử c&oacute; th&ugrave;ng r&aacute;c) hoặc mang về xả v&agrave;o nơi quy định.</span></span></p>\r\n<p style="text-align: justify;"><span style="font-size: 14px;"><span style="font-family: arial,helvetica,sans-serif;"><strong>Ch&uacute;c bạn c&oacute; một chuyến đi th&uacute; vị v&agrave; th&agrave;nh c&ocirc;ng! </strong></span></span></p>\r\n<div style="float: right; margin-right: 20px; margin-bottom: 10px; width: 100%; text-align: right;"><span style="color: #383838;">Nguyễn An</span></div>', 1, '2017-02-27 23:58:42', '2017-02-28 11:52:28'),
(7, 20, 1, 'Đoàn ĐBQH tỉnh Bắc Giang giám sát công tác cải cách tổ chức bộ máy tại Sở Nội vụ', 'doan-dbqh-tinh-bac-giang-giam-sat-cong-tac-cai-cach-to-chuc-bo-may-tai-so-noi-vu', '/images/not_found.jpg', 'Ngày 27/2, Đoàn Đại biểu Quốc hội (ĐBQH) tỉnh Bắc Giang giám sát việc thực hiện chính sách pháp luật về cải cách tổ chức bộ máy hành chính nhà nước giai đoạn 2011-2016 tại Sở Nội vụ. Đồng chí Trần Văn Lâm, Phó Trưởng đoàn ĐBQH tỉnh chủ trì.', '<div style="text-align: center;">\r\n<figure class="image" style="display: inline-block;"><img src="http://www.bacgiang.gov.vn/lib/ckfinder/images/12%28229%29.jpg" alt="" width="486" height="298" />\r\n<figcaption>Quang cảnh bu&ocirc;̉i giám sát.</figcaption>\r\n</figure>\r\n</div>\r\n<p style="text-align: justify;"><span style="font-size: 14px;">Giai đoạn 2011-2016, Sở Nội vụ đ&atilde; ph&acirc;n c&ocirc;ng, sắp xếp bộ m&aacute;y, bảo đảm thực hi&ecirc;̣n hiệu quả nhi&ecirc;̣m vụ được giao. C&aacute;c ph&ograve;ng chuy&ecirc;n m&ocirc;n, đơn vị trực thuộc cơ bản ổn định về tổ chức, chức năng nhiệm vụ được quy định r&otilde; r&agrave;ng, kh&ocirc;ng c&oacute; sự tr&ugrave;ng lặp; thực hiện đ&uacute;ng chủ trương thu gọn đầu mối, tạo thuận lợi cho c&ocirc;ng t&aacute;c điều h&agrave;nh, quản l&yacute;.&nbsp;</span></p>\r\n<p style="text-align: justify;"><span style="font-size: 14px;">Quy tr&igrave;nh giải quyết c&ocirc;ng việc được &aacute;p dụng theo ti&ecirc;u chuẩn ISO 9001:2008, &ldquo;Một cửa hiện đại&rdquo;. Năm 2012, Sở Nội vụ c&oacute; 8 ph&ograve;ng chuy&ecirc;n m&ocirc;n, 3 đơn vị trực thuộc; đến năm 2016 c&ograve;n 6 ph&ograve;ng v&agrave; 4 đơn vị trực thuộc. Hiện nay, Sở c&oacute; 87 chỉ ti&ecirc;u, trong đ&oacute; 77 c&ocirc;ng chức, vi&ecirc;n chức v&agrave; 10 nh&acirc;n vi&ecirc;n hợp đồng theo Nghị định 68/2000/NĐ-CP ng&agrave;y 17-11-2000 của Ch&iacute;nh phủ.</span></p>\r\n<p style="text-align: justify;"><span style="font-size: 14px;">Đ&ecirc;̉ ti&ecirc;́p tục thực hi&ecirc;̣n t&ocirc;́t ch&iacute;nh s&aacute;ch ph&aacute;p luật về cải c&aacute;ch tổ chức bộ m&aacute;y h&agrave;nh ch&iacute;nh nh&agrave; nước, l&atilde;nh đạo Sở Nội vụ v&agrave; đại di&ecirc;̣n c&aacute;c ph&ograve;ng chuy&ecirc;n m&ocirc;n, đơn vị trực thuộc đề nghị các cơ quan T.Ư sớm th&ocirc;́ng nh&acirc;́t, x&acirc;y dựng hệ thống ph&aacute;p luật quy định cụ thể về cải c&aacute;ch tổ chức, bộ m&aacute;y mang t&iacute;nh chiến lược, ổn định, chuẩn mực, nhất qu&aacute;n; Ch&iacute;nh phủ xem x&eacute;t, sửa đổi Nghị định số 108/2014/NĐ-CP ng&agrave;y 20-11-2014 về ch&iacute;nh s&aacute;ch tinh giản bi&ecirc;n chế cho ph&ugrave; hợp với thực tiễn; Bộ Nội vụ sớm tổng kết m&ocirc; h&igrave;nh th&iacute; điểm trung t&acirc;m h&agrave;nh ch&iacute;nh c&ocirc;ng, đưa v&agrave;o triển khai tr&ecirc;n cả nước.</span></p>\r\n<p style="text-align: justify;"><span style="font-size: 14px;">Thảo lu&acirc;̣n tại đ&acirc;y, đa s&ocirc;́ c&aacute;c đại biểu đ&ecirc;̀u cho rằng dù đạt nhi&ecirc;̀u k&ecirc;́t quả n&ocirc;̉i b&acirc;̣t nhưng vi&ecirc;̣c thực hi&ecirc;̣n chính sách pháp lu&acirc;̣t v&ecirc;̀ cải c&aacute;ch tổ chức bộ m&aacute;y h&agrave;nh ch&iacute;nh nh&agrave; nước ở Sở Nội vụ v&acirc;̃n còn những hạn chế như: C&ocirc;ng t&aacute;c chia t&aacute;ch, s&aacute;p nhập ở m&ocirc;̣t s&ocirc;́ ph&ograve;ng chuy&ecirc;n m&ocirc;n chưa thực sự phù hợp; đội ngũ c&ocirc;ng chức, vi&ecirc;n chức đ&atilde; giảm nhưng chưa tinh gọn; hệ thống ph&aacute;p luật về tổ chức bộ m&aacute;y hiện nay còn b&acirc;́t c&acirc;̣p; kh&oacute; khăn trong quản l&yacute;, điều h&agrave;nh Trung t&acirc;m H&agrave;nh ch&iacute;nh c&ocirc;ng.&nbsp;</span></p>\r\n<p style="text-align: justify;"><span style="font-size: 14px;">K&ecirc;́t th&uacute;c buổi l&agrave;m việc, đồng ch&iacute; Trần Văn L&acirc;m đ&aacute;nh gi&aacute; cao kết quả v&agrave; chia sẻ những kh&oacute; khăn trong triển khai thực hiện ch&iacute;nh s&aacute;ch, ph&aacute;p luật về cải c&aacute;ch tổ chức bộ m&aacute;y h&agrave;nh ch&iacute;nh nh&agrave; nước giai đoạn 2011 - 2016. Đồng thời, tiếp thu những kiến nghị của Sở để tổng hợp, phản &aacute;nh l&ecirc;n c&aacute;c cơ quan c&oacute; thẩm quyền v&agrave; tại kỳ họp Quốc hội trong thời gian tới.</span></p>\r\n<p style="text-align: justify;"><span style="font-size: 14px;">Theo kế hoạch, từ nay đ&ecirc;́n giữa tháng 3, Đo&agrave;n ĐBQH tỉnh tiếp tục gi&aacute;m s&aacute;t n&ocirc;̣i dung này tại c&aacute;c sở: Gi&aacute;o dục v&agrave; Đ&agrave;o tạo; Lao động - Thương binh v&agrave; X&atilde; hội; Giao th&ocirc;ng - Vận tải; X&acirc;y dựng; Y tế v&agrave; UBND c&aacute;c huyện: Lục Nam, Lạng Giang, Y&ecirc;n Dũng.</span></p>\r\n<div style="float: right; margin-right: 20px; margin-bottom: 10px; width: 100%; text-align: right;">&nbsp;</div>\r\n<div style="float: right; margin-right: 20px; margin-bottom: 10px; width: 100%; text-align: right;"><span style="color: #383838;">Theo BGĐT</span></div>', 5, '2017-02-27 23:59:59', '2017-03-01 12:48:49'),
(8, 22, 1, 'Bà con Bắc Giang xa quê là một bộ phận trong cộng đồng người Bắc Giang', 'ba-con-bac-giang-xa-que-la-mot-bo-phan-trong-cong-dong-nguoi-bac-giang', '/images/not_found.jpg', 'Ngày 25 và 26/02, Đoàn cán bộ tỉnh Bắc Giang do đồng chí Lại Thanh Sơn - Ủy viên BTV Tỉnh ủy, Phó Chủ tịch Thường trực UBND tỉnh làm trưởng đoàn dự Lễ kỷ niệm 20 năm thành lập Hội đồng hương Bắc Giang tại tỉnh Bà Rịa – Vũng Tàu và họp mặt đầu xuân Hội đồng hương Bắc Giang tại thành phố Hồ Chí Minh.', '<div style="text-align: center;">\r\n<figure class="image" style="display: inline-block;"><img src="http://www.bacgiang.gov.vn/lib/ckfinder/images/IMG_0354%282%29.jpg" alt="" width="486" height="348" />\r\n<figcaption>L&atilde;nh đạo tỉnh Bắc Giang tặng hoa ch&uacute;c mừng Hội đồng hương Bắc Giang tại tỉnh B&agrave; Rịa - Vũng T&agrave;u.<br /> Ảnh: BGP/Đại L&acirc;m</figcaption>\r\n</figure>\r\n</div>\r\n<p style="text-align: justify;"><span style="font-size: 14px;">Dự Lễ kỷ niệm 20 năm th&agrave;nh lập Hội đồng hương Bắc Giang tại tỉnh B&agrave; Rịa &ndash; Vũng T&agrave;u, ng&agrave;y 25/02, c&ograve;n c&oacute; đồng ch&iacute; Từ Minh Hải &ndash; Ph&oacute; Chủ tịch HĐND tỉnh; l&atilde;nh đạo UB MTTQ tỉnh; &nbsp;Văn ph&ograve;ng UBND tỉnh Bắc Giang.</span></p>\r\n<p style="text-align: justify;"><span style="font-size: 14px;">Hội Đồng hương Bắc Giang tại tỉnh B&agrave; Rịa - Vũng T&agrave;u được th&agrave;nh lập ng&agrave;y 01/01/1997, tiền th&acirc;n l&agrave; Hội đồng hương H&agrave; Bắc (gồm hai tỉnh Bắc Ninh, Bắc Giang). Đ&acirc;y l&agrave; địa chỉ tập hợp những người con xa qu&ecirc; hương, gi&uacute;p đỡ nhau tr&ecirc;n tinh thần l&aacute; l&agrave;nh đ&ugrave;m l&aacute; r&aacute;ch, tương th&acirc;n tương &aacute;i; động vi&ecirc;n nhau thực hiện tốt mọi chủ trương, ch&iacute;nh s&aacute;ch của Đảng, ph&aacute;p luật của Nh&agrave; nước.&nbsp;</span></p>\r\n<p style="text-align: justify;"><span style="font-size: 14px;">Hội hiện c&oacute; 342 hộ với hơn 1.500 nh&acirc;n khẩu đang sinh sống, l&agrave;m việc tại tỉnh B&agrave; Rịa - Vũng T&agrave;u. Những năm qua, Hội đ&atilde; tổ chức khoảng 500 buổi họp mặt ở c&aacute;c cấp. Tại buổi họp mặt của Tỉnh hội v&agrave;o dịp Tết &acirc;m lịch h&agrave;ng năm, Hội tổ chức ch&uacute;c thọ c&aacute;c cụ tr&ecirc;n 75 tuổi; tặng qu&agrave; v&agrave; học bổng cho c&aacute;c ch&aacute;u học sinh, sinh vi&ecirc;n c&oacute; th&agrave;nh t&iacute;ch cao trong học tập v&agrave; học sinh, sinh vi&ecirc;n c&oacute; ho&agrave;n cảnh kh&oacute; khăn. Trong năm, Ban Thường trực Hội, c&aacute;c chi hội thường xuy&ecirc;n nắm bắt việc hiếu, hỷ, đau ốm của c&aacute;c gia đ&igrave;nh, từ đ&oacute; kịp thời chia sẻ, động vi&ecirc;n. Đồng thời, Hội c&ograve;n th&agrave;nh lập nh&oacute;m Doanh nghiệp Bắc Giang nhằm hỗ trợ những người mới v&agrave;o lập nghiệp tại tỉnh B&agrave; Rịa- Vũng T&agrave;u về chỗ ở, việc l&agrave;m; chia sẻ, gi&uacute;p đỡ nhau trong kinh doanh.</span></p>\r\n<div style="text-align: center;">\r\n<figure class="image" style="display: inline-block;"><img src="http://www.bacgiang.gov.vn/lib/ckfinder/images/IMG_0356%281%29.jpg" alt="" width="486" height="298" />\r\n<figcaption>C&aacute;c đại biểu dự Lễ kỷ niệm 20 năm th&agrave;nh lập Hội đồng hương Bắc Giang tại tỉnh B&agrave; Rịa &ndash; Vũng T&agrave;u.<br /> Ảnh: BGP/Đại L&acirc;m</figcaption>\r\n</figure>\r\n</div>\r\n<p style="text-align: justify;"><span style="font-size: 14px;">Ph&aacute;t biểu tại Lễ kỷ niệm, đồng ch&iacute; Lại Thanh Sơn &ndash; Ph&oacute; Chủ tịch Thường trực UBND tỉnh Bắc Giang chia sẻ những thiệt th&ograve;i về t&igrave;nh cảm của những người con xa qu&ecirc; hương v&agrave;o đ&acirc;y lập nghiệp. Đồng thời biểu dương, ch&uacute;c mừng kết quả m&agrave; Hội, c&aacute;c hội vi&ecirc;n đạt được trong thời gian qua.</span></p>\r\n<p style="text-align: justify;"><span style="font-size: 14px;">Thay mặt l&atilde;nh đạo v&agrave; nh&acirc;n d&acirc;n tỉnh Bắc Giang, Ph&oacute; Chủ tịch Thường trực UBND tỉnh th&ocirc;ng b&aacute;o tới b&agrave; con một số n&eacute;t ch&iacute;nh về t&igrave;nh h&igrave;nh ph&aacute;t triển kinh tế - x&atilde; hội của tỉnh năm 2016 v&agrave; định hướng ph&aacute;t triển năm 2017. T&igrave;nh h&igrave;nh kinh tế - x&atilde; hội của tỉnh năm 2016 đạt được nhiều kết quả nổi bật, to&agrave;n diện: 17/17 chỉ ti&ecirc;u chủ yếu đều đạt v&agrave; vượt kế hoạch. Kết quả đ&oacute; c&oacute; sự t&iacute;ch cực ủng hộ, động vi&ecirc;n, gi&uacute;p đỡ của b&agrave; con Bắc Giang ở xa qu&ecirc;, trong đ&oacute; c&oacute; đ&oacute;ng g&oacute;p của b&agrave; con đồng hương Bắc Giang tại tỉnh B&agrave; Rịa &ndash; Vũng T&agrave;u.</span></p>\r\n<p style="text-align: justify;"><span style="font-size: 14px;">Đồng ch&iacute; Lại Thanh Sơn mong muốn Hội đồng hương Bắc Giang tại tỉnh B&agrave; Rịa &ndash; Vũng T&agrave;u ph&aacute;t huy hơn nữa vai tr&ograve; của m&igrave;nh, đo&agrave;n kết, gi&uacute;p đỡ hội vi&ecirc;n ng&agrave;y c&agrave;ng ph&aacute;t triển v&agrave; l&agrave; cầu nối li&ecirc;n kết giữa c&aacute;c hội vi&ecirc;n với tỉnh trong sự nghiệp x&acirc;y dựng v&agrave; ph&aacute;t triển qu&ecirc; hương, đất nước.</span></p>\r\n<div style="text-align: center;">\r\n<figure class="image" style="display: inline-block;"><img src="http://www.bacgiang.gov.vn/lib/ckfinder/images/IMG_0385%281%29.jpg" alt="" width="486" height="324" />\r\n<figcaption>C&aacute;c đại biểu dự họp mặt đầu xu&acirc;n Hội đồng hương Bắc Giang tại th&agrave;nh phố Hồ Ch&iacute; Minh.<br /> Ảnh: BGP/Đại L&acirc;m</figcaption>\r\n</figure>\r\n</div>\r\n<p style="text-align: justify;"><span style="font-size: 14px;">Tiếp đ&oacute;, ng&agrave;y 26/02, Ph&oacute; Chủ tịch Thường trực UBND tỉnh Lại Thanh Sơn dự họp mặt đầu xu&acirc;n Hội đồng hương Bắc Giang tại th&agrave;nh phố Hồ Ch&iacute; Minh. C&ugrave;ng dự c&oacute; c&aacute;c đồng ch&iacute;: L&ecirc; Thị Thu Hồng &ndash; Ủy vi&ecirc;n BTV, Chủ nhiệm Ủy ban Kiểm tra Tỉnh ủy, Trưởng đo&agrave;n đại biểu Quốc hội tỉnh; Từ Minh Hải &ndash; Ph&oacute; Chủ tịch HĐND tỉnh; l&atilde;nh đạo UB MTTQ tỉnh; &nbsp;Văn ph&ograve;ng UBND tỉnh Bắc Giang; một số sở, ban, ng&agrave;nh, huyện, th&agrave;nh phố của tỉnh Bắc Giang v&agrave; đ&ocirc;ng đảo người con qu&ecirc; hương Bắc Giang đang sinh sống, học tập, l&agrave;m việc, sản xuất kinh doanh tại TP Hồ Ch&iacute; Minh.</span></p>\r\n<p style="text-align: justify;"><span style="font-size: 14px;">Hội đồng hương Bắc Giang tại TP Hồ Ch&iacute; Minh c&oacute; số hội vi&ecirc;n đ&ocirc;ng, tr&ecirc;n 1000 hộ. Hiện c&oacute; 9 chi hội duy tr&igrave; hoạt động nền nếp.&nbsp;</span></p>\r\n<p style="text-align: justify;"><span style="font-size: 14px;">Hội thường xuy&ecirc;n thăm hỏi, động vi&ecirc;n hội vi&ecirc;n kh&oacute; khăn, người cao tuổi; quan t&acirc;m c&ocirc;ng t&aacute;c khuyến học. B&ecirc;n cạnh đ&oacute;, Hội c&ograve;n l&agrave; cầu nối giữa b&agrave; con xa qu&ecirc; với Bắc Giang bằng nhiều hoạt động thiết thực, như cử đại diện tham gia MTTQ tỉnh, vận động ủng hộ những trường hợp kh&oacute; khăn tại qu&ecirc; nh&agrave;, thăm tặng qu&agrave; Tết, đ&oacute;n tiếp c&aacute;c đo&agrave;n c&ocirc;ng t&aacute;c v&agrave;o l&agrave;m việc tại ph&iacute;a Nam, mở rộng mối quan hệ với Hội đồng hương Bắc Giang tại nhiều tỉnh, th&agrave;nh phố kh&aacute;c&hellip;&nbsp;</span></p>\r\n<p style="text-align: justify;"><span style="font-size: 14px;">Năm 2015 - 2016, hướng về qu&ecirc; hương, c&aacute;c chi hội, CLB doanh nghiệp đ&atilde; vận động ủng hộ c&aacute;c c&ocirc;ng tr&igrave;nh t&acirc;m linh, x&acirc;y dựng n&ocirc;ng th&ocirc;n mới, trường học, người ngh&egrave;o tại qu&ecirc; nh&agrave; với số tiền tr&ecirc;n 4,2 tỷ đồng.</span></p>\r\n<p style="text-align: justify;"><span style="font-size: 14px;">Từ nay đến năm 2018 và những năm ti&ecirc;́p theo, Hội tiếp tục thực hiện tốt quy chế hoạt động; ph&aacute;t triển tổ chức Hội; đo&agrave;n kết gi&uacute;p đỡ nhau trong đời sống, c&ocirc;ng t&aacute;c; thắt chặt mối quan hệ với qu&ecirc; hương...</span></p>\r\n<div style="text-align: center;">\r\n<figure class="image" style="display: inline-block;"><img src="http://www.bacgiang.gov.vn/lib/ckfinder/images/IMG_0398%283%29.jpg" alt="" width="486" height="342" />\r\n<figcaption>Ph&oacute; Chủ tịch Thường trực UBND tỉnh Lại Thanh Sơn ph&aacute;t biểu tại buổi họp mặt.<br /> Ảnh: BGP/Đại L&acirc;m</figcaption>\r\n</figure>\r\n</div>\r\n<p style="text-align: justify;"><span style="font-size: 14px;">Thay mặt l&atilde;nh đạo tỉnh, đồng ch&iacute; Lại Thanh Sơn ghi nhận kết quả hoạt động của Hội. Đồng ch&iacute; vui mừng th&ocirc;ng b&aacute;o đến b&agrave; con xa qu&ecirc; những th&agrave;nh tựu ph&aacute;t triển KT-XH, x&acirc;y dựng Đảng, ch&iacute;nh quyền, chăm lo đời sống nh&acirc;n d&acirc;n, thực hiện ch&iacute;nh s&aacute;ch an sinh x&atilde; hội của Bắc Giang thời gian qua, đặc biệt kết quả năm 2016 v&agrave; 20 năm sau t&aacute;i lập tỉnh Bắc Giang.&nbsp;</span></p>\r\n<p style="text-align: justify;"><span style="font-size: 14px;">Đồng ch&iacute; b&agrave;y tỏ sự cảm ơn về những đ&oacute;ng g&oacute;p của Hội đồng hương Bắc Giang tại th&agrave;nh phố Hồ Ch&iacute; Minh cũng như c&aacute;c hội vi&ecirc;n cho an sinh x&atilde; hội, cho sự ph&aacute;t triển của tỉnh nh&agrave;. Đồng ch&iacute; mong muốn tổ chức Hội v&agrave; mỗi hội vi&ecirc;n ph&aacute;t huy truyền thống qu&ecirc; hương, đo&agrave;n kết gi&uacute;p đỡ nhau trong cuộc sống; ch&uacute; trọng giữ g&igrave;n bản sắc văn h&oacute;a, đẩy mạnh ph&aacute;t triển kinh tế, t&igrave;m hiểu cơ hội đầu tư tại Bắc Giang, kịp thời c&oacute; nhiều hoạt động gi&uacute;p đỡ qu&ecirc; hương...</span></p>\r\n<p style="text-align: justify;"><span style="font-size: 14px;">Về ph&iacute;a l&atilde;nh đạo tỉnh, lu&ocirc;n sẵn s&agrave;ng lắng nghe những t&igrave;nh cảm, t&acirc;m tư của b&agrave; con, sẵn s&agrave;ng tạo mọi điều kiện gi&uacute;p cho Hội ph&aacute;t triển, tạo điều kiện cho c&aacute;c hội vi&ecirc;n về đầu tư sản xuất kinh doanh tại qu&ecirc; nh&agrave;.</span></p>\r\n<p style="text-align: justify;"><span style="font-size: 14px;">Đồng ch&iacute; khẳng định, b&agrave; con Bắc Giang đang l&agrave;m việc, sinh sống ở th&agrave;nh phố Hồ Ch&iacute; Minh cũng như ở mọi miền Tổ quốc v&agrave; ở nước ngo&agrave;i l&agrave; một bộ phận kh&ocirc;ng thể t&aacute;ch rời trong cộng đồng người Bắc Giang.</span></p>\r\n<div style="text-align: center;">\r\n<figure class="image" style="display: inline-block;"><img src="http://www.bacgiang.gov.vn/lib/ckfinder/images/IMG_0402%281%29.jpg" alt="" width="486" height="346" />\r\n<figcaption>Ph&oacute; Chủ tịch Thường trực UBND tỉnh Lại Thanh Sơn trao tặng Bằng khen của<br /> Chủ tịch UBND tỉnh Bắc Giang cho c&aacute;c c&aacute; nh&acirc;n. Ảnh: BGP/Đại L&acirc;m</figcaption>\r\n</figure>\r\n</div>\r\n<p><span style="font-size: 14px;">Nh&acirc;n dịp n&agrave;y, </span>Ph&oacute; Chủ tịch Thường trực UBND tỉnh Lại Thanh Sơn trao tặng Bằng khen của Chủ tịch UBND tỉnh Bắc Giang cho c&aacute;c c&aacute; nh&acirc;n<span style="font-size: 14px;"> c&oacute; th&agrave;nh t&iacute;ch trong c&ocirc;ng t&aacute;c tập hợp, đo&agrave;n kết người Bắc Giang ở ngo&agrave;i tỉnh, g&oacute;p phần x&acirc;y dựng qu&ecirc; hương v&agrave; khối đại đo&agrave;n kết to&agrave;n d&acirc;n tộc./.</span></p>\r\n<div style="float: right; margin-right: 20px; margin-bottom: 10px; width: 100%; text-align: right;"><span style="color: #383838;">Dương Đại L&acirc;m</span></div>', 0, '2017-02-28 00:08:34', '2017-02-28 00:08:34');
INSERT INTO `posts` (`id`, `category_id`, `user_id`, `title`, `slug`, `thumb`, `description`, `body`, `views`, `created_at`, `updated_at`) VALUES
(9, 22, 1, 'Cộng đồng người Bắc Giang', 'ba-con-bac-giang-xa-que-la-mot-bo-phan-trong-cong-dong-nguoi-bac-giang', '/images/not_found.jpg', 'Ngày 25 và 26/02, Đoàn cán bộ tỉnh Bắc Giang do đồng chí Lại Thanh Sơn - Ủy viên BTV Tỉnh ủy, Phó Chủ tịch Thường trực UBND tỉnh làm trưởng đoàn dự Lễ kỷ niệm 20 năm thành lập Hội đồng hương Bắc Giang tại tỉnh Bà Rịa – Vũng Tàu và họp mặt đầu xuân Hội đồng hương Bắc Giang tại thành phố Hồ Chí Minh.', '<div style="text-align: center;">\r\n<figure class="image" style="display: inline-block;"><img src="http://www.bacgiang.gov.vn/lib/ckfinder/images/IMG_0354%282%29.jpg" alt="" width="486" height="348" />\r\n<figcaption>L&atilde;nh đạo tỉnh Bắc Giang tặng hoa ch&uacute;c mừng Hội đồng hương Bắc Giang tại tỉnh B&agrave; Rịa - Vũng T&agrave;u.<br /> Ảnh: BGP/Đại L&acirc;m</figcaption>\r\n</figure>\r\n</div>\r\n<p style="text-align: justify;"><span style="font-size: 14px;">Dự Lễ kỷ niệm 20 năm th&agrave;nh lập Hội đồng hương Bắc Giang tại tỉnh B&agrave; Rịa &ndash; Vũng T&agrave;u, ng&agrave;y 25/02, c&ograve;n c&oacute; đồng ch&iacute; Từ Minh Hải &ndash; Ph&oacute; Chủ tịch HĐND tỉnh; l&atilde;nh đạo UB MTTQ tỉnh; &nbsp;Văn ph&ograve;ng UBND tỉnh Bắc Giang.</span></p>\r\n<p style="text-align: justify;"><span style="font-size: 14px;">Hội Đồng hương Bắc Giang tại tỉnh B&agrave; Rịa - Vũng T&agrave;u được th&agrave;nh lập ng&agrave;y 01/01/1997, tiền th&acirc;n l&agrave; Hội đồng hương H&agrave; Bắc (gồm hai tỉnh Bắc Ninh, Bắc Giang). Đ&acirc;y l&agrave; địa chỉ tập hợp những người con xa qu&ecirc; hương, gi&uacute;p đỡ nhau tr&ecirc;n tinh thần l&aacute; l&agrave;nh đ&ugrave;m l&aacute; r&aacute;ch, tương th&acirc;n tương &aacute;i; động vi&ecirc;n nhau thực hiện tốt mọi chủ trương, ch&iacute;nh s&aacute;ch của Đảng, ph&aacute;p luật của Nh&agrave; nước.&nbsp;</span></p>\r\n<p style="text-align: justify;"><span style="font-size: 14px;">Hội hiện c&oacute; 342 hộ với hơn 1.500 nh&acirc;n khẩu đang sinh sống, l&agrave;m việc tại tỉnh B&agrave; Rịa - Vũng T&agrave;u. Những năm qua, Hội đ&atilde; tổ chức khoảng 500 buổi họp mặt ở c&aacute;c cấp. Tại buổi họp mặt của Tỉnh hội v&agrave;o dịp Tết &acirc;m lịch h&agrave;ng năm, Hội tổ chức ch&uacute;c thọ c&aacute;c cụ tr&ecirc;n 75 tuổi; tặng qu&agrave; v&agrave; học bổng cho c&aacute;c ch&aacute;u học sinh, sinh vi&ecirc;n c&oacute; th&agrave;nh t&iacute;ch cao trong học tập v&agrave; học sinh, sinh vi&ecirc;n c&oacute; ho&agrave;n cảnh kh&oacute; khăn. Trong năm, Ban Thường trực Hội, c&aacute;c chi hội thường xuy&ecirc;n nắm bắt việc hiếu, hỷ, đau ốm của c&aacute;c gia đ&igrave;nh, từ đ&oacute; kịp thời chia sẻ, động vi&ecirc;n. Đồng thời, Hội c&ograve;n th&agrave;nh lập nh&oacute;m Doanh nghiệp Bắc Giang nhằm hỗ trợ những người mới v&agrave;o lập nghiệp tại tỉnh B&agrave; Rịa- Vũng T&agrave;u về chỗ ở, việc l&agrave;m; chia sẻ, gi&uacute;p đỡ nhau trong kinh doanh.</span></p>\r\n<div style="text-align: center;">\r\n<figure class="image" style="display: inline-block;"><img src="http://www.bacgiang.gov.vn/lib/ckfinder/images/IMG_0356%281%29.jpg" alt="" width="486" height="298" />\r\n<figcaption>C&aacute;c đại biểu dự Lễ kỷ niệm 20 năm th&agrave;nh lập Hội đồng hương Bắc Giang tại tỉnh B&agrave; Rịa &ndash; Vũng T&agrave;u.<br /> Ảnh: BGP/Đại L&acirc;m</figcaption>\r\n</figure>\r\n</div>\r\n<p style="text-align: justify;"><span style="font-size: 14px;">Ph&aacute;t biểu tại Lễ kỷ niệm, đồng ch&iacute; Lại Thanh Sơn &ndash; Ph&oacute; Chủ tịch Thường trực UBND tỉnh Bắc Giang chia sẻ những thiệt th&ograve;i về t&igrave;nh cảm của những người con xa qu&ecirc; hương v&agrave;o đ&acirc;y lập nghiệp. Đồng thời biểu dương, ch&uacute;c mừng kết quả m&agrave; Hội, c&aacute;c hội vi&ecirc;n đạt được trong thời gian qua.</span></p>\r\n<p style="text-align: justify;"><span style="font-size: 14px;">Thay mặt l&atilde;nh đạo v&agrave; nh&acirc;n d&acirc;n tỉnh Bắc Giang, Ph&oacute; Chủ tịch Thường trực UBND tỉnh th&ocirc;ng b&aacute;o tới b&agrave; con một số n&eacute;t ch&iacute;nh về t&igrave;nh h&igrave;nh ph&aacute;t triển kinh tế - x&atilde; hội của tỉnh năm 2016 v&agrave; định hướng ph&aacute;t triển năm 2017. T&igrave;nh h&igrave;nh kinh tế - x&atilde; hội của tỉnh năm 2016 đạt được nhiều kết quả nổi bật, to&agrave;n diện: 17/17 chỉ ti&ecirc;u chủ yếu đều đạt v&agrave; vượt kế hoạch. Kết quả đ&oacute; c&oacute; sự t&iacute;ch cực ủng hộ, động vi&ecirc;n, gi&uacute;p đỡ của b&agrave; con Bắc Giang ở xa qu&ecirc;, trong đ&oacute; c&oacute; đ&oacute;ng g&oacute;p của b&agrave; con đồng hương Bắc Giang tại tỉnh B&agrave; Rịa &ndash; Vũng T&agrave;u.</span></p>\r\n<p style="text-align: justify;"><span style="font-size: 14px;">Đồng ch&iacute; Lại Thanh Sơn mong muốn Hội đồng hương Bắc Giang tại tỉnh B&agrave; Rịa &ndash; Vũng T&agrave;u ph&aacute;t huy hơn nữa vai tr&ograve; của m&igrave;nh, đo&agrave;n kết, gi&uacute;p đỡ hội vi&ecirc;n ng&agrave;y c&agrave;ng ph&aacute;t triển v&agrave; l&agrave; cầu nối li&ecirc;n kết giữa c&aacute;c hội vi&ecirc;n với tỉnh trong sự nghiệp x&acirc;y dựng v&agrave; ph&aacute;t triển qu&ecirc; hương, đất nước.</span></p>\r\n<div style="text-align: center;">\r\n<figure class="image" style="display: inline-block;"><img src="http://www.bacgiang.gov.vn/lib/ckfinder/images/IMG_0385%281%29.jpg" alt="" width="486" height="324" />\r\n<figcaption>C&aacute;c đại biểu dự họp mặt đầu xu&acirc;n Hội đồng hương Bắc Giang tại th&agrave;nh phố Hồ Ch&iacute; Minh.<br /> Ảnh: BGP/Đại L&acirc;m</figcaption>\r\n</figure>\r\n</div>\r\n<p style="text-align: justify;"><span style="font-size: 14px;">Tiếp đ&oacute;, ng&agrave;y 26/02, Ph&oacute; Chủ tịch Thường trực UBND tỉnh Lại Thanh Sơn dự họp mặt đầu xu&acirc;n Hội đồng hương Bắc Giang tại th&agrave;nh phố Hồ Ch&iacute; Minh. C&ugrave;ng dự c&oacute; c&aacute;c đồng ch&iacute;: L&ecirc; Thị Thu Hồng &ndash; Ủy vi&ecirc;n BTV, Chủ nhiệm Ủy ban Kiểm tra Tỉnh ủy, Trưởng đo&agrave;n đại biểu Quốc hội tỉnh; Từ Minh Hải &ndash; Ph&oacute; Chủ tịch HĐND tỉnh; l&atilde;nh đạo UB MTTQ tỉnh; &nbsp;Văn ph&ograve;ng UBND tỉnh Bắc Giang; một số sở, ban, ng&agrave;nh, huyện, th&agrave;nh phố của tỉnh Bắc Giang v&agrave; đ&ocirc;ng đảo người con qu&ecirc; hương Bắc Giang đang sinh sống, học tập, l&agrave;m việc, sản xuất kinh doanh tại TP Hồ Ch&iacute; Minh.</span></p>\r\n<p style="text-align: justify;"><span style="font-size: 14px;">Hội đồng hương Bắc Giang tại TP Hồ Ch&iacute; Minh c&oacute; số hội vi&ecirc;n đ&ocirc;ng, tr&ecirc;n 1000 hộ. Hiện c&oacute; 9 chi hội duy tr&igrave; hoạt động nền nếp.&nbsp;</span></p>\r\n<p style="text-align: justify;"><span style="font-size: 14px;">Hội thường xuy&ecirc;n thăm hỏi, động vi&ecirc;n hội vi&ecirc;n kh&oacute; khăn, người cao tuổi; quan t&acirc;m c&ocirc;ng t&aacute;c khuyến học. B&ecirc;n cạnh đ&oacute;, Hội c&ograve;n l&agrave; cầu nối giữa b&agrave; con xa qu&ecirc; với Bắc Giang bằng nhiều hoạt động thiết thực, như cử đại diện tham gia MTTQ tỉnh, vận động ủng hộ những trường hợp kh&oacute; khăn tại qu&ecirc; nh&agrave;, thăm tặng qu&agrave; Tết, đ&oacute;n tiếp c&aacute;c đo&agrave;n c&ocirc;ng t&aacute;c v&agrave;o l&agrave;m việc tại ph&iacute;a Nam, mở rộng mối quan hệ với Hội đồng hương Bắc Giang tại nhiều tỉnh, th&agrave;nh phố kh&aacute;c&hellip;&nbsp;</span></p>\r\n<p style="text-align: justify;"><span style="font-size: 14px;">Năm 2015 - 2016, hướng về qu&ecirc; hương, c&aacute;c chi hội, CLB doanh nghiệp đ&atilde; vận động ủng hộ c&aacute;c c&ocirc;ng tr&igrave;nh t&acirc;m linh, x&acirc;y dựng n&ocirc;ng th&ocirc;n mới, trường học, người ngh&egrave;o tại qu&ecirc; nh&agrave; với số tiền tr&ecirc;n 4,2 tỷ đồng.</span></p>\r\n<p style="text-align: justify;"><span style="font-size: 14px;">Từ nay đến năm 2018 và những năm ti&ecirc;́p theo, Hội tiếp tục thực hiện tốt quy chế hoạt động; ph&aacute;t triển tổ chức Hội; đo&agrave;n kết gi&uacute;p đỡ nhau trong đời sống, c&ocirc;ng t&aacute;c; thắt chặt mối quan hệ với qu&ecirc; hương...</span></p>\r\n<div style="text-align: center;">\r\n<figure class="image" style="display: inline-block;"><img src="http://www.bacgiang.gov.vn/lib/ckfinder/images/IMG_0398%283%29.jpg" alt="" width="486" height="342" />\r\n<figcaption>Ph&oacute; Chủ tịch Thường trực UBND tỉnh Lại Thanh Sơn ph&aacute;t biểu tại buổi họp mặt.<br /> Ảnh: BGP/Đại L&acirc;m</figcaption>\r\n</figure>\r\n</div>\r\n<p style="text-align: justify;"><span style="font-size: 14px;">Thay mặt l&atilde;nh đạo tỉnh, đồng ch&iacute; Lại Thanh Sơn ghi nhận kết quả hoạt động của Hội. Đồng ch&iacute; vui mừng th&ocirc;ng b&aacute;o đến b&agrave; con xa qu&ecirc; những th&agrave;nh tựu ph&aacute;t triển KT-XH, x&acirc;y dựng Đảng, ch&iacute;nh quyền, chăm lo đời sống nh&acirc;n d&acirc;n, thực hiện ch&iacute;nh s&aacute;ch an sinh x&atilde; hội của Bắc Giang thời gian qua, đặc biệt kết quả năm 2016 v&agrave; 20 năm sau t&aacute;i lập tỉnh Bắc Giang.&nbsp;</span></p>\r\n<p style="text-align: justify;"><span style="font-size: 14px;">Đồng ch&iacute; b&agrave;y tỏ sự cảm ơn về những đ&oacute;ng g&oacute;p của Hội đồng hương Bắc Giang tại th&agrave;nh phố Hồ Ch&iacute; Minh cũng như c&aacute;c hội vi&ecirc;n cho an sinh x&atilde; hội, cho sự ph&aacute;t triển của tỉnh nh&agrave;. Đồng ch&iacute; mong muốn tổ chức Hội v&agrave; mỗi hội vi&ecirc;n ph&aacute;t huy truyền thống qu&ecirc; hương, đo&agrave;n kết gi&uacute;p đỡ nhau trong cuộc sống; ch&uacute; trọng giữ g&igrave;n bản sắc văn h&oacute;a, đẩy mạnh ph&aacute;t triển kinh tế, t&igrave;m hiểu cơ hội đầu tư tại Bắc Giang, kịp thời c&oacute; nhiều hoạt động gi&uacute;p đỡ qu&ecirc; hương...</span></p>\r\n<p style="text-align: justify;"><span style="font-size: 14px;">Về ph&iacute;a l&atilde;nh đạo tỉnh, lu&ocirc;n sẵn s&agrave;ng lắng nghe những t&igrave;nh cảm, t&acirc;m tư của b&agrave; con, sẵn s&agrave;ng tạo mọi điều kiện gi&uacute;p cho Hội ph&aacute;t triển, tạo điều kiện cho c&aacute;c hội vi&ecirc;n về đầu tư sản xuất kinh doanh tại qu&ecirc; nh&agrave;.</span></p>\r\n<p style="text-align: justify;"><span style="font-size: 14px;">Đồng ch&iacute; khẳng định, b&agrave; con Bắc Giang đang l&agrave;m việc, sinh sống ở th&agrave;nh phố Hồ Ch&iacute; Minh cũng như ở mọi miền Tổ quốc v&agrave; ở nước ngo&agrave;i l&agrave; một bộ phận kh&ocirc;ng thể t&aacute;ch rời trong cộng đồng người Bắc Giang.</span></p>\r\n<div style="text-align: center;">\r\n<figure class="image" style="display: inline-block;"><img src="http://www.bacgiang.gov.vn/lib/ckfinder/images/IMG_0402%281%29.jpg" alt="" width="486" height="346" />\r\n<figcaption>Ph&oacute; Chủ tịch Thường trực UBND tỉnh Lại Thanh Sơn trao tặng Bằng khen của<br /> Chủ tịch UBND tỉnh Bắc Giang cho c&aacute;c c&aacute; nh&acirc;n. Ảnh: BGP/Đại L&acirc;m</figcaption>\r\n</figure>\r\n</div>\r\n<p><span style="font-size: 14px;">Nh&acirc;n dịp n&agrave;y, </span>Ph&oacute; Chủ tịch Thường trực UBND tỉnh Lại Thanh Sơn trao tặng Bằng khen của Chủ tịch UBND tỉnh Bắc Giang cho c&aacute;c c&aacute; nh&acirc;n<span style="font-size: 14px;"> c&oacute; th&agrave;nh t&iacute;ch trong c&ocirc;ng t&aacute;c tập hợp, đo&agrave;n kết người Bắc Giang ở ngo&agrave;i tỉnh, g&oacute;p phần x&acirc;y dựng qu&ecirc; hương v&agrave; khối đại đo&agrave;n kết to&agrave;n d&acirc;n tộc./.</span></p>\r\n<div style="float: right; margin-right: 20px; margin-bottom: 10px; width: 100%; text-align: right;"><span style="color: #383838;">Dương Đại L&acirc;m</span></div>', 0, '2017-02-28 00:08:34', '2017-02-28 00:08:34'),
(10, 22, 1, 'Bắc Giang xa quê là một bộ phận trong cộng đồng người Bắc Giang', 'ba-con-bac-giang-xa-que-la-mot-bo-phan-trong-cong-dong-nguoi-bac-giang', '/images/not_found.jpg', 'Ngày 25 và 26/02, Đoàn cán bộ tỉnh Bắc Giang do đồng chí Lại Thanh Sơn - Ủy viên BTV Tỉnh ủy, Phó Chủ tịch Thường trực UBND tỉnh làm trưởng đoàn dự Lễ kỷ niệm 20 năm thành lập Hội đồng hương Bắc Giang tại tỉnh Bà Rịa – Vũng Tàu và họp mặt đầu xuân Hội đồng hương Bắc Giang tại thành phố Hồ Chí Minh.', '<div style="text-align: center;">\r\n<figure class="image" style="display: inline-block;"><img src="http://www.bacgiang.gov.vn/lib/ckfinder/images/IMG_0354%282%29.jpg" alt="" width="486" height="348" />\r\n<figcaption>L&atilde;nh đạo tỉnh Bắc Giang tặng hoa ch&uacute;c mừng Hội đồng hương Bắc Giang tại tỉnh B&agrave; Rịa - Vũng T&agrave;u.<br /> Ảnh: BGP/Đại L&acirc;m</figcaption>\r\n</figure>\r\n</div>\r\n<p style="text-align: justify;"><span style="font-size: 14px;">Dự Lễ kỷ niệm 20 năm th&agrave;nh lập Hội đồng hương Bắc Giang tại tỉnh B&agrave; Rịa &ndash; Vũng T&agrave;u, ng&agrave;y 25/02, c&ograve;n c&oacute; đồng ch&iacute; Từ Minh Hải &ndash; Ph&oacute; Chủ tịch HĐND tỉnh; l&atilde;nh đạo UB MTTQ tỉnh; &nbsp;Văn ph&ograve;ng UBND tỉnh Bắc Giang.</span></p>\r\n<p style="text-align: justify;"><span style="font-size: 14px;">Hội Đồng hương Bắc Giang tại tỉnh B&agrave; Rịa - Vũng T&agrave;u được th&agrave;nh lập ng&agrave;y 01/01/1997, tiền th&acirc;n l&agrave; Hội đồng hương H&agrave; Bắc (gồm hai tỉnh Bắc Ninh, Bắc Giang). Đ&acirc;y l&agrave; địa chỉ tập hợp những người con xa qu&ecirc; hương, gi&uacute;p đỡ nhau tr&ecirc;n tinh thần l&aacute; l&agrave;nh đ&ugrave;m l&aacute; r&aacute;ch, tương th&acirc;n tương &aacute;i; động vi&ecirc;n nhau thực hiện tốt mọi chủ trương, ch&iacute;nh s&aacute;ch của Đảng, ph&aacute;p luật của Nh&agrave; nước.&nbsp;</span></p>\r\n<p style="text-align: justify;"><span style="font-size: 14px;">Hội hiện c&oacute; 342 hộ với hơn 1.500 nh&acirc;n khẩu đang sinh sống, l&agrave;m việc tại tỉnh B&agrave; Rịa - Vũng T&agrave;u. Những năm qua, Hội đ&atilde; tổ chức khoảng 500 buổi họp mặt ở c&aacute;c cấp. Tại buổi họp mặt của Tỉnh hội v&agrave;o dịp Tết &acirc;m lịch h&agrave;ng năm, Hội tổ chức ch&uacute;c thọ c&aacute;c cụ tr&ecirc;n 75 tuổi; tặng qu&agrave; v&agrave; học bổng cho c&aacute;c ch&aacute;u học sinh, sinh vi&ecirc;n c&oacute; th&agrave;nh t&iacute;ch cao trong học tập v&agrave; học sinh, sinh vi&ecirc;n c&oacute; ho&agrave;n cảnh kh&oacute; khăn. Trong năm, Ban Thường trực Hội, c&aacute;c chi hội thường xuy&ecirc;n nắm bắt việc hiếu, hỷ, đau ốm của c&aacute;c gia đ&igrave;nh, từ đ&oacute; kịp thời chia sẻ, động vi&ecirc;n. Đồng thời, Hội c&ograve;n th&agrave;nh lập nh&oacute;m Doanh nghiệp Bắc Giang nhằm hỗ trợ những người mới v&agrave;o lập nghiệp tại tỉnh B&agrave; Rịa- Vũng T&agrave;u về chỗ ở, việc l&agrave;m; chia sẻ, gi&uacute;p đỡ nhau trong kinh doanh.</span></p>\r\n<div style="text-align: center;">\r\n<figure class="image" style="display: inline-block;"><img src="http://www.bacgiang.gov.vn/lib/ckfinder/images/IMG_0356%281%29.jpg" alt="" width="486" height="298" />\r\n<figcaption>C&aacute;c đại biểu dự Lễ kỷ niệm 20 năm th&agrave;nh lập Hội đồng hương Bắc Giang tại tỉnh B&agrave; Rịa &ndash; Vũng T&agrave;u.<br /> Ảnh: BGP/Đại L&acirc;m</figcaption>\r\n</figure>\r\n</div>\r\n<p style="text-align: justify;"><span style="font-size: 14px;">Ph&aacute;t biểu tại Lễ kỷ niệm, đồng ch&iacute; Lại Thanh Sơn &ndash; Ph&oacute; Chủ tịch Thường trực UBND tỉnh Bắc Giang chia sẻ những thiệt th&ograve;i về t&igrave;nh cảm của những người con xa qu&ecirc; hương v&agrave;o đ&acirc;y lập nghiệp. Đồng thời biểu dương, ch&uacute;c mừng kết quả m&agrave; Hội, c&aacute;c hội vi&ecirc;n đạt được trong thời gian qua.</span></p>\r\n<p style="text-align: justify;"><span style="font-size: 14px;">Thay mặt l&atilde;nh đạo v&agrave; nh&acirc;n d&acirc;n tỉnh Bắc Giang, Ph&oacute; Chủ tịch Thường trực UBND tỉnh th&ocirc;ng b&aacute;o tới b&agrave; con một số n&eacute;t ch&iacute;nh về t&igrave;nh h&igrave;nh ph&aacute;t triển kinh tế - x&atilde; hội của tỉnh năm 2016 v&agrave; định hướng ph&aacute;t triển năm 2017. T&igrave;nh h&igrave;nh kinh tế - x&atilde; hội của tỉnh năm 2016 đạt được nhiều kết quả nổi bật, to&agrave;n diện: 17/17 chỉ ti&ecirc;u chủ yếu đều đạt v&agrave; vượt kế hoạch. Kết quả đ&oacute; c&oacute; sự t&iacute;ch cực ủng hộ, động vi&ecirc;n, gi&uacute;p đỡ của b&agrave; con Bắc Giang ở xa qu&ecirc;, trong đ&oacute; c&oacute; đ&oacute;ng g&oacute;p của b&agrave; con đồng hương Bắc Giang tại tỉnh B&agrave; Rịa &ndash; Vũng T&agrave;u.</span></p>\r\n<p style="text-align: justify;"><span style="font-size: 14px;">Đồng ch&iacute; Lại Thanh Sơn mong muốn Hội đồng hương Bắc Giang tại tỉnh B&agrave; Rịa &ndash; Vũng T&agrave;u ph&aacute;t huy hơn nữa vai tr&ograve; của m&igrave;nh, đo&agrave;n kết, gi&uacute;p đỡ hội vi&ecirc;n ng&agrave;y c&agrave;ng ph&aacute;t triển v&agrave; l&agrave; cầu nối li&ecirc;n kết giữa c&aacute;c hội vi&ecirc;n với tỉnh trong sự nghiệp x&acirc;y dựng v&agrave; ph&aacute;t triển qu&ecirc; hương, đất nước.</span></p>\r\n<div style="text-align: center;">\r\n<figure class="image" style="display: inline-block;"><img src="http://www.bacgiang.gov.vn/lib/ckfinder/images/IMG_0385%281%29.jpg" alt="" width="486" height="324" />\r\n<figcaption>C&aacute;c đại biểu dự họp mặt đầu xu&acirc;n Hội đồng hương Bắc Giang tại th&agrave;nh phố Hồ Ch&iacute; Minh.<br /> Ảnh: BGP/Đại L&acirc;m</figcaption>\r\n</figure>\r\n</div>\r\n<p style="text-align: justify;"><span style="font-size: 14px;">Tiếp đ&oacute;, ng&agrave;y 26/02, Ph&oacute; Chủ tịch Thường trực UBND tỉnh Lại Thanh Sơn dự họp mặt đầu xu&acirc;n Hội đồng hương Bắc Giang tại th&agrave;nh phố Hồ Ch&iacute; Minh. C&ugrave;ng dự c&oacute; c&aacute;c đồng ch&iacute;: L&ecirc; Thị Thu Hồng &ndash; Ủy vi&ecirc;n BTV, Chủ nhiệm Ủy ban Kiểm tra Tỉnh ủy, Trưởng đo&agrave;n đại biểu Quốc hội tỉnh; Từ Minh Hải &ndash; Ph&oacute; Chủ tịch HĐND tỉnh; l&atilde;nh đạo UB MTTQ tỉnh; &nbsp;Văn ph&ograve;ng UBND tỉnh Bắc Giang; một số sở, ban, ng&agrave;nh, huyện, th&agrave;nh phố của tỉnh Bắc Giang v&agrave; đ&ocirc;ng đảo người con qu&ecirc; hương Bắc Giang đang sinh sống, học tập, l&agrave;m việc, sản xuất kinh doanh tại TP Hồ Ch&iacute; Minh.</span></p>\r\n<p style="text-align: justify;"><span style="font-size: 14px;">Hội đồng hương Bắc Giang tại TP Hồ Ch&iacute; Minh c&oacute; số hội vi&ecirc;n đ&ocirc;ng, tr&ecirc;n 1000 hộ. Hiện c&oacute; 9 chi hội duy tr&igrave; hoạt động nền nếp.&nbsp;</span></p>\r\n<p style="text-align: justify;"><span style="font-size: 14px;">Hội thường xuy&ecirc;n thăm hỏi, động vi&ecirc;n hội vi&ecirc;n kh&oacute; khăn, người cao tuổi; quan t&acirc;m c&ocirc;ng t&aacute;c khuyến học. B&ecirc;n cạnh đ&oacute;, Hội c&ograve;n l&agrave; cầu nối giữa b&agrave; con xa qu&ecirc; với Bắc Giang bằng nhiều hoạt động thiết thực, như cử đại diện tham gia MTTQ tỉnh, vận động ủng hộ những trường hợp kh&oacute; khăn tại qu&ecirc; nh&agrave;, thăm tặng qu&agrave; Tết, đ&oacute;n tiếp c&aacute;c đo&agrave;n c&ocirc;ng t&aacute;c v&agrave;o l&agrave;m việc tại ph&iacute;a Nam, mở rộng mối quan hệ với Hội đồng hương Bắc Giang tại nhiều tỉnh, th&agrave;nh phố kh&aacute;c&hellip;&nbsp;</span></p>\r\n<p style="text-align: justify;"><span style="font-size: 14px;">Năm 2015 - 2016, hướng về qu&ecirc; hương, c&aacute;c chi hội, CLB doanh nghiệp đ&atilde; vận động ủng hộ c&aacute;c c&ocirc;ng tr&igrave;nh t&acirc;m linh, x&acirc;y dựng n&ocirc;ng th&ocirc;n mới, trường học, người ngh&egrave;o tại qu&ecirc; nh&agrave; với số tiền tr&ecirc;n 4,2 tỷ đồng.</span></p>\r\n<p style="text-align: justify;"><span style="font-size: 14px;">Từ nay đến năm 2018 và những năm ti&ecirc;́p theo, Hội tiếp tục thực hiện tốt quy chế hoạt động; ph&aacute;t triển tổ chức Hội; đo&agrave;n kết gi&uacute;p đỡ nhau trong đời sống, c&ocirc;ng t&aacute;c; thắt chặt mối quan hệ với qu&ecirc; hương...</span></p>\r\n<div style="text-align: center;">\r\n<figure class="image" style="display: inline-block;"><img src="http://www.bacgiang.gov.vn/lib/ckfinder/images/IMG_0398%283%29.jpg" alt="" width="486" height="342" />\r\n<figcaption>Ph&oacute; Chủ tịch Thường trực UBND tỉnh Lại Thanh Sơn ph&aacute;t biểu tại buổi họp mặt.<br /> Ảnh: BGP/Đại L&acirc;m</figcaption>\r\n</figure>\r\n</div>\r\n<p style="text-align: justify;"><span style="font-size: 14px;">Thay mặt l&atilde;nh đạo tỉnh, đồng ch&iacute; Lại Thanh Sơn ghi nhận kết quả hoạt động của Hội. Đồng ch&iacute; vui mừng th&ocirc;ng b&aacute;o đến b&agrave; con xa qu&ecirc; những th&agrave;nh tựu ph&aacute;t triển KT-XH, x&acirc;y dựng Đảng, ch&iacute;nh quyền, chăm lo đời sống nh&acirc;n d&acirc;n, thực hiện ch&iacute;nh s&aacute;ch an sinh x&atilde; hội của Bắc Giang thời gian qua, đặc biệt kết quả năm 2016 v&agrave; 20 năm sau t&aacute;i lập tỉnh Bắc Giang.&nbsp;</span></p>\r\n<p style="text-align: justify;"><span style="font-size: 14px;">Đồng ch&iacute; b&agrave;y tỏ sự cảm ơn về những đ&oacute;ng g&oacute;p của Hội đồng hương Bắc Giang tại th&agrave;nh phố Hồ Ch&iacute; Minh cũng như c&aacute;c hội vi&ecirc;n cho an sinh x&atilde; hội, cho sự ph&aacute;t triển của tỉnh nh&agrave;. Đồng ch&iacute; mong muốn tổ chức Hội v&agrave; mỗi hội vi&ecirc;n ph&aacute;t huy truyền thống qu&ecirc; hương, đo&agrave;n kết gi&uacute;p đỡ nhau trong cuộc sống; ch&uacute; trọng giữ g&igrave;n bản sắc văn h&oacute;a, đẩy mạnh ph&aacute;t triển kinh tế, t&igrave;m hiểu cơ hội đầu tư tại Bắc Giang, kịp thời c&oacute; nhiều hoạt động gi&uacute;p đỡ qu&ecirc; hương...</span></p>\r\n<p style="text-align: justify;"><span style="font-size: 14px;">Về ph&iacute;a l&atilde;nh đạo tỉnh, lu&ocirc;n sẵn s&agrave;ng lắng nghe những t&igrave;nh cảm, t&acirc;m tư của b&agrave; con, sẵn s&agrave;ng tạo mọi điều kiện gi&uacute;p cho Hội ph&aacute;t triển, tạo điều kiện cho c&aacute;c hội vi&ecirc;n về đầu tư sản xuất kinh doanh tại qu&ecirc; nh&agrave;.</span></p>\r\n<p style="text-align: justify;"><span style="font-size: 14px;">Đồng ch&iacute; khẳng định, b&agrave; con Bắc Giang đang l&agrave;m việc, sinh sống ở th&agrave;nh phố Hồ Ch&iacute; Minh cũng như ở mọi miền Tổ quốc v&agrave; ở nước ngo&agrave;i l&agrave; một bộ phận kh&ocirc;ng thể t&aacute;ch rời trong cộng đồng người Bắc Giang.</span></p>\r\n<div style="text-align: center;">\r\n<figure class="image" style="display: inline-block;"><img src="http://www.bacgiang.gov.vn/lib/ckfinder/images/IMG_0402%281%29.jpg" alt="" width="486" height="346" />\r\n<figcaption>Ph&oacute; Chủ tịch Thường trực UBND tỉnh Lại Thanh Sơn trao tặng Bằng khen của<br /> Chủ tịch UBND tỉnh Bắc Giang cho c&aacute;c c&aacute; nh&acirc;n. Ảnh: BGP/Đại L&acirc;m</figcaption>\r\n</figure>\r\n</div>\r\n<p><span style="font-size: 14px;">Nh&acirc;n dịp n&agrave;y, </span>Ph&oacute; Chủ tịch Thường trực UBND tỉnh Lại Thanh Sơn trao tặng Bằng khen của Chủ tịch UBND tỉnh Bắc Giang cho c&aacute;c c&aacute; nh&acirc;n<span style="font-size: 14px;"> c&oacute; th&agrave;nh t&iacute;ch trong c&ocirc;ng t&aacute;c tập hợp, đo&agrave;n kết người Bắc Giang ở ngo&agrave;i tỉnh, g&oacute;p phần x&acirc;y dựng qu&ecirc; hương v&agrave; khối đại đo&agrave;n kết to&agrave;n d&acirc;n tộc./.</span></p>\r\n<div style="float: right; margin-right: 20px; margin-bottom: 10px; width: 100%; text-align: right;"><span style="color: #383838;">Dương Đại L&acirc;m</span></div>', 0, '2017-02-28 00:08:34', '2017-02-28 00:08:34'),
(11, 22, 1, 'Bà con Bắc Giang xa quê là một bộ phận trong cộng đồng người Bắc Giang', 'ba-con-bac-giang-xa-que-la-mot-bo-phan-trong-cong-dong-nguoi-bac-giang', '/images/not_found.jpg', 'Ngày 25 và 26/02, Đoàn cán bộ tỉnh Bắc Giang do đồng chí Lại Thanh Sơn - Ủy viên BTV Tỉnh ủy, Phó Chủ tịch Thường trực UBND tỉnh làm trưởng đoàn dự Lễ kỷ niệm 20 năm thành lập Hội đồng hương Bắc Giang tại tỉnh Bà Rịa – Vũng Tàu và họp mặt đầu xuân Hội đồng hương Bắc Giang tại thành phố Hồ Chí Minh.', '<div style="text-align: center;">\r\n<figure class="image" style="display: inline-block;"><img src="http://www.bacgiang.gov.vn/lib/ckfinder/images/IMG_0354%282%29.jpg" alt="" width="486" height="348" />\r\n<figcaption>L&atilde;nh đạo tỉnh Bắc Giang tặng hoa ch&uacute;c mừng Hội đồng hương Bắc Giang tại tỉnh B&agrave; Rịa - Vũng T&agrave;u.<br /> Ảnh: BGP/Đại L&acirc;m</figcaption>\r\n</figure>\r\n</div>\r\n<p style="text-align: justify;"><span style="font-size: 14px;">Dự Lễ kỷ niệm 20 năm th&agrave;nh lập Hội đồng hương Bắc Giang tại tỉnh B&agrave; Rịa &ndash; Vũng T&agrave;u, ng&agrave;y 25/02, c&ograve;n c&oacute; đồng ch&iacute; Từ Minh Hải &ndash; Ph&oacute; Chủ tịch HĐND tỉnh; l&atilde;nh đạo UB MTTQ tỉnh; &nbsp;Văn ph&ograve;ng UBND tỉnh Bắc Giang.</span></p>\r\n<p style="text-align: justify;"><span style="font-size: 14px;">Hội Đồng hương Bắc Giang tại tỉnh B&agrave; Rịa - Vũng T&agrave;u được th&agrave;nh lập ng&agrave;y 01/01/1997, tiền th&acirc;n l&agrave; Hội đồng hương H&agrave; Bắc (gồm hai tỉnh Bắc Ninh, Bắc Giang). Đ&acirc;y l&agrave; địa chỉ tập hợp những người con xa qu&ecirc; hương, gi&uacute;p đỡ nhau tr&ecirc;n tinh thần l&aacute; l&agrave;nh đ&ugrave;m l&aacute; r&aacute;ch, tương th&acirc;n tương &aacute;i; động vi&ecirc;n nhau thực hiện tốt mọi chủ trương, ch&iacute;nh s&aacute;ch của Đảng, ph&aacute;p luật của Nh&agrave; nước.&nbsp;</span></p>\r\n<p style="text-align: justify;"><span style="font-size: 14px;">Hội hiện c&oacute; 342 hộ với hơn 1.500 nh&acirc;n khẩu đang sinh sống, l&agrave;m việc tại tỉnh B&agrave; Rịa - Vũng T&agrave;u. Những năm qua, Hội đ&atilde; tổ chức khoảng 500 buổi họp mặt ở c&aacute;c cấp. Tại buổi họp mặt của Tỉnh hội v&agrave;o dịp Tết &acirc;m lịch h&agrave;ng năm, Hội tổ chức ch&uacute;c thọ c&aacute;c cụ tr&ecirc;n 75 tuổi; tặng qu&agrave; v&agrave; học bổng cho c&aacute;c ch&aacute;u học sinh, sinh vi&ecirc;n c&oacute; th&agrave;nh t&iacute;ch cao trong học tập v&agrave; học sinh, sinh vi&ecirc;n c&oacute; ho&agrave;n cảnh kh&oacute; khăn. Trong năm, Ban Thường trực Hội, c&aacute;c chi hội thường xuy&ecirc;n nắm bắt việc hiếu, hỷ, đau ốm của c&aacute;c gia đ&igrave;nh, từ đ&oacute; kịp thời chia sẻ, động vi&ecirc;n. Đồng thời, Hội c&ograve;n th&agrave;nh lập nh&oacute;m Doanh nghiệp Bắc Giang nhằm hỗ trợ những người mới v&agrave;o lập nghiệp tại tỉnh B&agrave; Rịa- Vũng T&agrave;u về chỗ ở, việc l&agrave;m; chia sẻ, gi&uacute;p đỡ nhau trong kinh doanh.</span></p>\r\n<div style="text-align: center;">\r\n<figure class="image" style="display: inline-block;"><img src="http://www.bacgiang.gov.vn/lib/ckfinder/images/IMG_0356%281%29.jpg" alt="" width="486" height="298" />\r\n<figcaption>C&aacute;c đại biểu dự Lễ kỷ niệm 20 năm th&agrave;nh lập Hội đồng hương Bắc Giang tại tỉnh B&agrave; Rịa &ndash; Vũng T&agrave;u.<br /> Ảnh: BGP/Đại L&acirc;m</figcaption>\r\n</figure>\r\n</div>\r\n<p style="text-align: justify;"><span style="font-size: 14px;">Ph&aacute;t biểu tại Lễ kỷ niệm, đồng ch&iacute; Lại Thanh Sơn &ndash; Ph&oacute; Chủ tịch Thường trực UBND tỉnh Bắc Giang chia sẻ những thiệt th&ograve;i về t&igrave;nh cảm của những người con xa qu&ecirc; hương v&agrave;o đ&acirc;y lập nghiệp. Đồng thời biểu dương, ch&uacute;c mừng kết quả m&agrave; Hội, c&aacute;c hội vi&ecirc;n đạt được trong thời gian qua.</span></p>\r\n<p style="text-align: justify;"><span style="font-size: 14px;">Thay mặt l&atilde;nh đạo v&agrave; nh&acirc;n d&acirc;n tỉnh Bắc Giang, Ph&oacute; Chủ tịch Thường trực UBND tỉnh th&ocirc;ng b&aacute;o tới b&agrave; con một số n&eacute;t ch&iacute;nh về t&igrave;nh h&igrave;nh ph&aacute;t triển kinh tế - x&atilde; hội của tỉnh năm 2016 v&agrave; định hướng ph&aacute;t triển năm 2017. T&igrave;nh h&igrave;nh kinh tế - x&atilde; hội của tỉnh năm 2016 đạt được nhiều kết quả nổi bật, to&agrave;n diện: 17/17 chỉ ti&ecirc;u chủ yếu đều đạt v&agrave; vượt kế hoạch. Kết quả đ&oacute; c&oacute; sự t&iacute;ch cực ủng hộ, động vi&ecirc;n, gi&uacute;p đỡ của b&agrave; con Bắc Giang ở xa qu&ecirc;, trong đ&oacute; c&oacute; đ&oacute;ng g&oacute;p của b&agrave; con đồng hương Bắc Giang tại tỉnh B&agrave; Rịa &ndash; Vũng T&agrave;u.</span></p>\r\n<p style="text-align: justify;"><span style="font-size: 14px;">Đồng ch&iacute; Lại Thanh Sơn mong muốn Hội đồng hương Bắc Giang tại tỉnh B&agrave; Rịa &ndash; Vũng T&agrave;u ph&aacute;t huy hơn nữa vai tr&ograve; của m&igrave;nh, đo&agrave;n kết, gi&uacute;p đỡ hội vi&ecirc;n ng&agrave;y c&agrave;ng ph&aacute;t triển v&agrave; l&agrave; cầu nối li&ecirc;n kết giữa c&aacute;c hội vi&ecirc;n với tỉnh trong sự nghiệp x&acirc;y dựng v&agrave; ph&aacute;t triển qu&ecirc; hương, đất nước.</span></p>\r\n<div style="text-align: center;">\r\n<figure class="image" style="display: inline-block;"><img src="http://www.bacgiang.gov.vn/lib/ckfinder/images/IMG_0385%281%29.jpg" alt="" width="486" height="324" />\r\n<figcaption>C&aacute;c đại biểu dự họp mặt đầu xu&acirc;n Hội đồng hương Bắc Giang tại th&agrave;nh phố Hồ Ch&iacute; Minh.<br /> Ảnh: BGP/Đại L&acirc;m</figcaption>\r\n</figure>\r\n</div>\r\n<p style="text-align: justify;"><span style="font-size: 14px;">Tiếp đ&oacute;, ng&agrave;y 26/02, Ph&oacute; Chủ tịch Thường trực UBND tỉnh Lại Thanh Sơn dự họp mặt đầu xu&acirc;n Hội đồng hương Bắc Giang tại th&agrave;nh phố Hồ Ch&iacute; Minh. C&ugrave;ng dự c&oacute; c&aacute;c đồng ch&iacute;: L&ecirc; Thị Thu Hồng &ndash; Ủy vi&ecirc;n BTV, Chủ nhiệm Ủy ban Kiểm tra Tỉnh ủy, Trưởng đo&agrave;n đại biểu Quốc hội tỉnh; Từ Minh Hải &ndash; Ph&oacute; Chủ tịch HĐND tỉnh; l&atilde;nh đạo UB MTTQ tỉnh; &nbsp;Văn ph&ograve;ng UBND tỉnh Bắc Giang; một số sở, ban, ng&agrave;nh, huyện, th&agrave;nh phố của tỉnh Bắc Giang v&agrave; đ&ocirc;ng đảo người con qu&ecirc; hương Bắc Giang đang sinh sống, học tập, l&agrave;m việc, sản xuất kinh doanh tại TP Hồ Ch&iacute; Minh.</span></p>\r\n<p style="text-align: justify;"><span style="font-size: 14px;">Hội đồng hương Bắc Giang tại TP Hồ Ch&iacute; Minh c&oacute; số hội vi&ecirc;n đ&ocirc;ng, tr&ecirc;n 1000 hộ. Hiện c&oacute; 9 chi hội duy tr&igrave; hoạt động nền nếp.&nbsp;</span></p>\r\n<p style="text-align: justify;"><span style="font-size: 14px;">Hội thường xuy&ecirc;n thăm hỏi, động vi&ecirc;n hội vi&ecirc;n kh&oacute; khăn, người cao tuổi; quan t&acirc;m c&ocirc;ng t&aacute;c khuyến học. B&ecirc;n cạnh đ&oacute;, Hội c&ograve;n l&agrave; cầu nối giữa b&agrave; con xa qu&ecirc; với Bắc Giang bằng nhiều hoạt động thiết thực, như cử đại diện tham gia MTTQ tỉnh, vận động ủng hộ những trường hợp kh&oacute; khăn tại qu&ecirc; nh&agrave;, thăm tặng qu&agrave; Tết, đ&oacute;n tiếp c&aacute;c đo&agrave;n c&ocirc;ng t&aacute;c v&agrave;o l&agrave;m việc tại ph&iacute;a Nam, mở rộng mối quan hệ với Hội đồng hương Bắc Giang tại nhiều tỉnh, th&agrave;nh phố kh&aacute;c&hellip;&nbsp;</span></p>\r\n<p style="text-align: justify;"><span style="font-size: 14px;">Năm 2015 - 2016, hướng về qu&ecirc; hương, c&aacute;c chi hội, CLB doanh nghiệp đ&atilde; vận động ủng hộ c&aacute;c c&ocirc;ng tr&igrave;nh t&acirc;m linh, x&acirc;y dựng n&ocirc;ng th&ocirc;n mới, trường học, người ngh&egrave;o tại qu&ecirc; nh&agrave; với số tiền tr&ecirc;n 4,2 tỷ đồng.</span></p>\r\n<p style="text-align: justify;"><span style="font-size: 14px;">Từ nay đến năm 2018 và những năm ti&ecirc;́p theo, Hội tiếp tục thực hiện tốt quy chế hoạt động; ph&aacute;t triển tổ chức Hội; đo&agrave;n kết gi&uacute;p đỡ nhau trong đời sống, c&ocirc;ng t&aacute;c; thắt chặt mối quan hệ với qu&ecirc; hương...</span></p>\r\n<div style="text-align: center;">\r\n<figure class="image" style="display: inline-block;"><img src="http://www.bacgiang.gov.vn/lib/ckfinder/images/IMG_0398%283%29.jpg" alt="" width="486" height="342" />\r\n<figcaption>Ph&oacute; Chủ tịch Thường trực UBND tỉnh Lại Thanh Sơn ph&aacute;t biểu tại buổi họp mặt.<br /> Ảnh: BGP/Đại L&acirc;m</figcaption>\r\n</figure>\r\n</div>\r\n<p style="text-align: justify;"><span style="font-size: 14px;">Thay mặt l&atilde;nh đạo tỉnh, đồng ch&iacute; Lại Thanh Sơn ghi nhận kết quả hoạt động của Hội. Đồng ch&iacute; vui mừng th&ocirc;ng b&aacute;o đến b&agrave; con xa qu&ecirc; những th&agrave;nh tựu ph&aacute;t triển KT-XH, x&acirc;y dựng Đảng, ch&iacute;nh quyền, chăm lo đời sống nh&acirc;n d&acirc;n, thực hiện ch&iacute;nh s&aacute;ch an sinh x&atilde; hội của Bắc Giang thời gian qua, đặc biệt kết quả năm 2016 v&agrave; 20 năm sau t&aacute;i lập tỉnh Bắc Giang.&nbsp;</span></p>\r\n<p style="text-align: justify;"><span style="font-size: 14px;">Đồng ch&iacute; b&agrave;y tỏ sự cảm ơn về những đ&oacute;ng g&oacute;p của Hội đồng hương Bắc Giang tại th&agrave;nh phố Hồ Ch&iacute; Minh cũng như c&aacute;c hội vi&ecirc;n cho an sinh x&atilde; hội, cho sự ph&aacute;t triển của tỉnh nh&agrave;. Đồng ch&iacute; mong muốn tổ chức Hội v&agrave; mỗi hội vi&ecirc;n ph&aacute;t huy truyền thống qu&ecirc; hương, đo&agrave;n kết gi&uacute;p đỡ nhau trong cuộc sống; ch&uacute; trọng giữ g&igrave;n bản sắc văn h&oacute;a, đẩy mạnh ph&aacute;t triển kinh tế, t&igrave;m hiểu cơ hội đầu tư tại Bắc Giang, kịp thời c&oacute; nhiều hoạt động gi&uacute;p đỡ qu&ecirc; hương...</span></p>\r\n<p style="text-align: justify;"><span style="font-size: 14px;">Về ph&iacute;a l&atilde;nh đạo tỉnh, lu&ocirc;n sẵn s&agrave;ng lắng nghe những t&igrave;nh cảm, t&acirc;m tư của b&agrave; con, sẵn s&agrave;ng tạo mọi điều kiện gi&uacute;p cho Hội ph&aacute;t triển, tạo điều kiện cho c&aacute;c hội vi&ecirc;n về đầu tư sản xuất kinh doanh tại qu&ecirc; nh&agrave;.</span></p>\r\n<p style="text-align: justify;"><span style="font-size: 14px;">Đồng ch&iacute; khẳng định, b&agrave; con Bắc Giang đang l&agrave;m việc, sinh sống ở th&agrave;nh phố Hồ Ch&iacute; Minh cũng như ở mọi miền Tổ quốc v&agrave; ở nước ngo&agrave;i l&agrave; một bộ phận kh&ocirc;ng thể t&aacute;ch rời trong cộng đồng người Bắc Giang.</span></p>\r\n<div style="text-align: center;">\r\n<figure class="image" style="display: inline-block;"><img src="http://www.bacgiang.gov.vn/lib/ckfinder/images/IMG_0402%281%29.jpg" alt="" width="486" height="346" />\r\n<figcaption>Ph&oacute; Chủ tịch Thường trực UBND tỉnh Lại Thanh Sơn trao tặng Bằng khen của<br /> Chủ tịch UBND tỉnh Bắc Giang cho c&aacute;c c&aacute; nh&acirc;n. Ảnh: BGP/Đại L&acirc;m</figcaption>\r\n</figure>\r\n</div>\r\n<p><span style="font-size: 14px;">Nh&acirc;n dịp n&agrave;y, </span>Ph&oacute; Chủ tịch Thường trực UBND tỉnh Lại Thanh Sơn trao tặng Bằng khen của Chủ tịch UBND tỉnh Bắc Giang cho c&aacute;c c&aacute; nh&acirc;n<span style="font-size: 14px;"> c&oacute; th&agrave;nh t&iacute;ch trong c&ocirc;ng t&aacute;c tập hợp, đo&agrave;n kết người Bắc Giang ở ngo&agrave;i tỉnh, g&oacute;p phần x&acirc;y dựng qu&ecirc; hương v&agrave; khối đại đo&agrave;n kết to&agrave;n d&acirc;n tộc./.</span></p>\r\n<div style="float: right; margin-right: 20px; margin-bottom: 10px; width: 100%; text-align: right;"><span style="color: #383838;">Dương Đại L&acirc;m</span></div>', 0, '2017-02-28 00:08:34', '2017-02-28 00:08:34'),
(12, 22, 1, 'Xa quê là một bộ phận Bắc Giang', 'ba-con-bac-giang-xa-que-la-mot-bo-phan-trong-cong-dong-nguoi-bac-giang', '/images/not_found.jpg', 'Ngày 25 và 26/02, Đoàn cán bộ tỉnh Bắc Giang do đồng chí Lại Thanh Sơn - Ủy viên BTV Tỉnh ủy, Phó Chủ tịch Thường trực UBND tỉnh làm trưởng đoàn dự Lễ kỷ niệm 20 năm thành lập Hội đồng hương Bắc Giang tại tỉnh Bà Rịa – Vũng Tàu và họp mặt đầu xuân Hội đồng hương Bắc Giang tại thành phố Hồ Chí Minh.', '<div style="text-align: center;">\r\n<figure class="image" style="display: inline-block;"><img src="http://www.bacgiang.gov.vn/lib/ckfinder/images/IMG_0354%282%29.jpg" alt="" width="486" height="348" />\r\n<figcaption>L&atilde;nh đạo tỉnh Bắc Giang tặng hoa ch&uacute;c mừng Hội đồng hương Bắc Giang tại tỉnh B&agrave; Rịa - Vũng T&agrave;u.<br /> Ảnh: BGP/Đại L&acirc;m</figcaption>\r\n</figure>\r\n</div>\r\n<p style="text-align: justify;"><span style="font-size: 14px;">Dự Lễ kỷ niệm 20 năm th&agrave;nh lập Hội đồng hương Bắc Giang tại tỉnh B&agrave; Rịa &ndash; Vũng T&agrave;u, ng&agrave;y 25/02, c&ograve;n c&oacute; đồng ch&iacute; Từ Minh Hải &ndash; Ph&oacute; Chủ tịch HĐND tỉnh; l&atilde;nh đạo UB MTTQ tỉnh; &nbsp;Văn ph&ograve;ng UBND tỉnh Bắc Giang.</span></p>\r\n<p style="text-align: justify;"><span style="font-size: 14px;">Hội Đồng hương Bắc Giang tại tỉnh B&agrave; Rịa - Vũng T&agrave;u được th&agrave;nh lập ng&agrave;y 01/01/1997, tiền th&acirc;n l&agrave; Hội đồng hương H&agrave; Bắc (gồm hai tỉnh Bắc Ninh, Bắc Giang). Đ&acirc;y l&agrave; địa chỉ tập hợp những người con xa qu&ecirc; hương, gi&uacute;p đỡ nhau tr&ecirc;n tinh thần l&aacute; l&agrave;nh đ&ugrave;m l&aacute; r&aacute;ch, tương th&acirc;n tương &aacute;i; động vi&ecirc;n nhau thực hiện tốt mọi chủ trương, ch&iacute;nh s&aacute;ch của Đảng, ph&aacute;p luật của Nh&agrave; nước.&nbsp;</span></p>\r\n<p style="text-align: justify;"><span style="font-size: 14px;">Hội hiện c&oacute; 342 hộ với hơn 1.500 nh&acirc;n khẩu đang sinh sống, l&agrave;m việc tại tỉnh B&agrave; Rịa - Vũng T&agrave;u. Những năm qua, Hội đ&atilde; tổ chức khoảng 500 buổi họp mặt ở c&aacute;c cấp. Tại buổi họp mặt của Tỉnh hội v&agrave;o dịp Tết &acirc;m lịch h&agrave;ng năm, Hội tổ chức ch&uacute;c thọ c&aacute;c cụ tr&ecirc;n 75 tuổi; tặng qu&agrave; v&agrave; học bổng cho c&aacute;c ch&aacute;u học sinh, sinh vi&ecirc;n c&oacute; th&agrave;nh t&iacute;ch cao trong học tập v&agrave; học sinh, sinh vi&ecirc;n c&oacute; ho&agrave;n cảnh kh&oacute; khăn. Trong năm, Ban Thường trực Hội, c&aacute;c chi hội thường xuy&ecirc;n nắm bắt việc hiếu, hỷ, đau ốm của c&aacute;c gia đ&igrave;nh, từ đ&oacute; kịp thời chia sẻ, động vi&ecirc;n. Đồng thời, Hội c&ograve;n th&agrave;nh lập nh&oacute;m Doanh nghiệp Bắc Giang nhằm hỗ trợ những người mới v&agrave;o lập nghiệp tại tỉnh B&agrave; Rịa- Vũng T&agrave;u về chỗ ở, việc l&agrave;m; chia sẻ, gi&uacute;p đỡ nhau trong kinh doanh.</span></p>\r\n<div style="text-align: center;">\r\n<figure class="image" style="display: inline-block;"><img src="http://www.bacgiang.gov.vn/lib/ckfinder/images/IMG_0356%281%29.jpg" alt="" width="486" height="298" />\r\n<figcaption>C&aacute;c đại biểu dự Lễ kỷ niệm 20 năm th&agrave;nh lập Hội đồng hương Bắc Giang tại tỉnh B&agrave; Rịa &ndash; Vũng T&agrave;u.<br /> Ảnh: BGP/Đại L&acirc;m</figcaption>\r\n</figure>\r\n</div>\r\n<p style="text-align: justify;"><span style="font-size: 14px;">Ph&aacute;t biểu tại Lễ kỷ niệm, đồng ch&iacute; Lại Thanh Sơn &ndash; Ph&oacute; Chủ tịch Thường trực UBND tỉnh Bắc Giang chia sẻ những thiệt th&ograve;i về t&igrave;nh cảm của những người con xa qu&ecirc; hương v&agrave;o đ&acirc;y lập nghiệp. Đồng thời biểu dương, ch&uacute;c mừng kết quả m&agrave; Hội, c&aacute;c hội vi&ecirc;n đạt được trong thời gian qua.</span></p>\r\n<p style="text-align: justify;"><span style="font-size: 14px;">Thay mặt l&atilde;nh đạo v&agrave; nh&acirc;n d&acirc;n tỉnh Bắc Giang, Ph&oacute; Chủ tịch Thường trực UBND tỉnh th&ocirc;ng b&aacute;o tới b&agrave; con một số n&eacute;t ch&iacute;nh về t&igrave;nh h&igrave;nh ph&aacute;t triển kinh tế - x&atilde; hội của tỉnh năm 2016 v&agrave; định hướng ph&aacute;t triển năm 2017. T&igrave;nh h&igrave;nh kinh tế - x&atilde; hội của tỉnh năm 2016 đạt được nhiều kết quả nổi bật, to&agrave;n diện: 17/17 chỉ ti&ecirc;u chủ yếu đều đạt v&agrave; vượt kế hoạch. Kết quả đ&oacute; c&oacute; sự t&iacute;ch cực ủng hộ, động vi&ecirc;n, gi&uacute;p đỡ của b&agrave; con Bắc Giang ở xa qu&ecirc;, trong đ&oacute; c&oacute; đ&oacute;ng g&oacute;p của b&agrave; con đồng hương Bắc Giang tại tỉnh B&agrave; Rịa &ndash; Vũng T&agrave;u.</span></p>\r\n<p style="text-align: justify;"><span style="font-size: 14px;">Đồng ch&iacute; Lại Thanh Sơn mong muốn Hội đồng hương Bắc Giang tại tỉnh B&agrave; Rịa &ndash; Vũng T&agrave;u ph&aacute;t huy hơn nữa vai tr&ograve; của m&igrave;nh, đo&agrave;n kết, gi&uacute;p đỡ hội vi&ecirc;n ng&agrave;y c&agrave;ng ph&aacute;t triển v&agrave; l&agrave; cầu nối li&ecirc;n kết giữa c&aacute;c hội vi&ecirc;n với tỉnh trong sự nghiệp x&acirc;y dựng v&agrave; ph&aacute;t triển qu&ecirc; hương, đất nước.</span></p>\r\n<div style="text-align: center;">\r\n<figure class="image" style="display: inline-block;"><img src="http://www.bacgiang.gov.vn/lib/ckfinder/images/IMG_0385%281%29.jpg" alt="" width="486" height="324" />\r\n<figcaption>C&aacute;c đại biểu dự họp mặt đầu xu&acirc;n Hội đồng hương Bắc Giang tại th&agrave;nh phố Hồ Ch&iacute; Minh.<br /> Ảnh: BGP/Đại L&acirc;m</figcaption>\r\n</figure>\r\n</div>\r\n<p style="text-align: justify;"><span style="font-size: 14px;">Tiếp đ&oacute;, ng&agrave;y 26/02, Ph&oacute; Chủ tịch Thường trực UBND tỉnh Lại Thanh Sơn dự họp mặt đầu xu&acirc;n Hội đồng hương Bắc Giang tại th&agrave;nh phố Hồ Ch&iacute; Minh. C&ugrave;ng dự c&oacute; c&aacute;c đồng ch&iacute;: L&ecirc; Thị Thu Hồng &ndash; Ủy vi&ecirc;n BTV, Chủ nhiệm Ủy ban Kiểm tra Tỉnh ủy, Trưởng đo&agrave;n đại biểu Quốc hội tỉnh; Từ Minh Hải &ndash; Ph&oacute; Chủ tịch HĐND tỉnh; l&atilde;nh đạo UB MTTQ tỉnh; &nbsp;Văn ph&ograve;ng UBND tỉnh Bắc Giang; một số sở, ban, ng&agrave;nh, huyện, th&agrave;nh phố của tỉnh Bắc Giang v&agrave; đ&ocirc;ng đảo người con qu&ecirc; hương Bắc Giang đang sinh sống, học tập, l&agrave;m việc, sản xuất kinh doanh tại TP Hồ Ch&iacute; Minh.</span></p>\r\n<p style="text-align: justify;"><span style="font-size: 14px;">Hội đồng hương Bắc Giang tại TP Hồ Ch&iacute; Minh c&oacute; số hội vi&ecirc;n đ&ocirc;ng, tr&ecirc;n 1000 hộ. Hiện c&oacute; 9 chi hội duy tr&igrave; hoạt động nền nếp.&nbsp;</span></p>\r\n<p style="text-align: justify;"><span style="font-size: 14px;">Hội thường xuy&ecirc;n thăm hỏi, động vi&ecirc;n hội vi&ecirc;n kh&oacute; khăn, người cao tuổi; quan t&acirc;m c&ocirc;ng t&aacute;c khuyến học. B&ecirc;n cạnh đ&oacute;, Hội c&ograve;n l&agrave; cầu nối giữa b&agrave; con xa qu&ecirc; với Bắc Giang bằng nhiều hoạt động thiết thực, như cử đại diện tham gia MTTQ tỉnh, vận động ủng hộ những trường hợp kh&oacute; khăn tại qu&ecirc; nh&agrave;, thăm tặng qu&agrave; Tết, đ&oacute;n tiếp c&aacute;c đo&agrave;n c&ocirc;ng t&aacute;c v&agrave;o l&agrave;m việc tại ph&iacute;a Nam, mở rộng mối quan hệ với Hội đồng hương Bắc Giang tại nhiều tỉnh, th&agrave;nh phố kh&aacute;c&hellip;&nbsp;</span></p>\r\n<p style="text-align: justify;"><span style="font-size: 14px;">Năm 2015 - 2016, hướng về qu&ecirc; hương, c&aacute;c chi hội, CLB doanh nghiệp đ&atilde; vận động ủng hộ c&aacute;c c&ocirc;ng tr&igrave;nh t&acirc;m linh, x&acirc;y dựng n&ocirc;ng th&ocirc;n mới, trường học, người ngh&egrave;o tại qu&ecirc; nh&agrave; với số tiền tr&ecirc;n 4,2 tỷ đồng.</span></p>\r\n<p style="text-align: justify;"><span style="font-size: 14px;">Từ nay đến năm 2018 và những năm ti&ecirc;́p theo, Hội tiếp tục thực hiện tốt quy chế hoạt động; ph&aacute;t triển tổ chức Hội; đo&agrave;n kết gi&uacute;p đỡ nhau trong đời sống, c&ocirc;ng t&aacute;c; thắt chặt mối quan hệ với qu&ecirc; hương...</span></p>\r\n<div style="text-align: center;">\r\n<figure class="image" style="display: inline-block;"><img src="http://www.bacgiang.gov.vn/lib/ckfinder/images/IMG_0398%283%29.jpg" alt="" width="486" height="342" />\r\n<figcaption>Ph&oacute; Chủ tịch Thường trực UBND tỉnh Lại Thanh Sơn ph&aacute;t biểu tại buổi họp mặt.<br /> Ảnh: BGP/Đại L&acirc;m</figcaption>\r\n</figure>\r\n</div>\r\n<p style="text-align: justify;"><span style="font-size: 14px;">Thay mặt l&atilde;nh đạo tỉnh, đồng ch&iacute; Lại Thanh Sơn ghi nhận kết quả hoạt động của Hội. Đồng ch&iacute; vui mừng th&ocirc;ng b&aacute;o đến b&agrave; con xa qu&ecirc; những th&agrave;nh tựu ph&aacute;t triển KT-XH, x&acirc;y dựng Đảng, ch&iacute;nh quyền, chăm lo đời sống nh&acirc;n d&acirc;n, thực hiện ch&iacute;nh s&aacute;ch an sinh x&atilde; hội của Bắc Giang thời gian qua, đặc biệt kết quả năm 2016 v&agrave; 20 năm sau t&aacute;i lập tỉnh Bắc Giang.&nbsp;</span></p>\r\n<p style="text-align: justify;"><span style="font-size: 14px;">Đồng ch&iacute; b&agrave;y tỏ sự cảm ơn về những đ&oacute;ng g&oacute;p của Hội đồng hương Bắc Giang tại th&agrave;nh phố Hồ Ch&iacute; Minh cũng như c&aacute;c hội vi&ecirc;n cho an sinh x&atilde; hội, cho sự ph&aacute;t triển của tỉnh nh&agrave;. Đồng ch&iacute; mong muốn tổ chức Hội v&agrave; mỗi hội vi&ecirc;n ph&aacute;t huy truyền thống qu&ecirc; hương, đo&agrave;n kết gi&uacute;p đỡ nhau trong cuộc sống; ch&uacute; trọng giữ g&igrave;n bản sắc văn h&oacute;a, đẩy mạnh ph&aacute;t triển kinh tế, t&igrave;m hiểu cơ hội đầu tư tại Bắc Giang, kịp thời c&oacute; nhiều hoạt động gi&uacute;p đỡ qu&ecirc; hương...</span></p>\r\n<p style="text-align: justify;"><span style="font-size: 14px;">Về ph&iacute;a l&atilde;nh đạo tỉnh, lu&ocirc;n sẵn s&agrave;ng lắng nghe những t&igrave;nh cảm, t&acirc;m tư của b&agrave; con, sẵn s&agrave;ng tạo mọi điều kiện gi&uacute;p cho Hội ph&aacute;t triển, tạo điều kiện cho c&aacute;c hội vi&ecirc;n về đầu tư sản xuất kinh doanh tại qu&ecirc; nh&agrave;.</span></p>\r\n<p style="text-align: justify;"><span style="font-size: 14px;">Đồng ch&iacute; khẳng định, b&agrave; con Bắc Giang đang l&agrave;m việc, sinh sống ở th&agrave;nh phố Hồ Ch&iacute; Minh cũng như ở mọi miền Tổ quốc v&agrave; ở nước ngo&agrave;i l&agrave; một bộ phận kh&ocirc;ng thể t&aacute;ch rời trong cộng đồng người Bắc Giang.</span></p>\r\n<div style="text-align: center;">\r\n<figure class="image" style="display: inline-block;"><img src="http://www.bacgiang.gov.vn/lib/ckfinder/images/IMG_0402%281%29.jpg" alt="" width="486" height="346" />\r\n<figcaption>Ph&oacute; Chủ tịch Thường trực UBND tỉnh Lại Thanh Sơn trao tặng Bằng khen của<br /> Chủ tịch UBND tỉnh Bắc Giang cho c&aacute;c c&aacute; nh&acirc;n. Ảnh: BGP/Đại L&acirc;m</figcaption>\r\n</figure>\r\n</div>\r\n<p><span style="font-size: 14px;">Nh&acirc;n dịp n&agrave;y, </span>Ph&oacute; Chủ tịch Thường trực UBND tỉnh Lại Thanh Sơn trao tặng Bằng khen của Chủ tịch UBND tỉnh Bắc Giang cho c&aacute;c c&aacute; nh&acirc;n<span style="font-size: 14px;"> c&oacute; th&agrave;nh t&iacute;ch trong c&ocirc;ng t&aacute;c tập hợp, đo&agrave;n kết người Bắc Giang ở ngo&agrave;i tỉnh, g&oacute;p phần x&acirc;y dựng qu&ecirc; hương v&agrave; khối đại đo&agrave;n kết to&agrave;n d&acirc;n tộc./.</span></p>\r\n<div style="float: right; margin-right: 20px; margin-bottom: 10px; width: 100%; text-align: right;"><span style="color: #383838;">Dương Đại L&acirc;m</span></div>', 1, '2017-02-28 00:08:34', '2017-02-28 13:19:05'),
(13, 23, 1, 'Đẩy mạnh dồn điền đổi thửa, xây dựng cánh đồng mẫu năm 2017', 'day-manh-don-dien-doi-thua-xay-dung-canh-dong-mau-nam-2017', '/images/not_found.jpg', 'Chủ tịch UBND tỉnh Bắc Giang vừa có văn bản yêu cầu các sở, cơ quan thuộc UBND tỉnh, UBND các huyện, thành phố tập trung thực hiện dồn điền đổi thửa, xây dựng cánh đồng mẫu năm 2017 và giai đoạn 2017-2018 nhằm đạt kết quả cao.', '<p style="text-align: center;"><img src="http://www.bacgiang.gov.vn/upload/fckeditor/15%2861%29.jpg" alt="" width="486" height="326" /></p>\r\n<p>Dồn điền đổi thửa, x&acirc;y dựng c&aacute;nh đồng mẫu nhằm &aacute;p dụng cơ giới h&oacute;a thuận lợi. Ảnh: BGP/Tr&acirc;m Anh</p>\r\n<p>Trong đ&oacute;, c&aacute;c Sở, ban, ng&agrave;nh khẩn trương x&acirc;y dựng kế hoạch tổ chức thực hiện c&aacute;c nhiệm vụ đ&atilde; được Chủ tịch UBND tỉnh ph&acirc;n c&ocirc;ng tại Kế hoạch số 273/KH-UBND ng&agrave;y 25/11/2016 của UBND tỉnh. Sở N&ocirc;ng nghiệp v&agrave; PTNT, Sở T&agrave;i nguy&ecirc;n v&agrave; M&ocirc;i trường, Sở T&agrave;i ch&iacute;nh r&agrave; so&aacute;t c&aacute;c văn bản đ&atilde; ban h&agrave;nh giai đoạn 2014-2016, chủ động tham mưu, ban h&agrave;nh văn bản hướng dẫn thực hiện giai đoạn &nbsp;2017-2018 theo lĩnh vực ng&agrave;nh được ph&acirc;n c&ocirc;ng nhằm khắc phục tồn tại, kh&oacute; khăn giai đoạn trước l&agrave;m cơ sở để c&aacute;c địa phương thực hiện.</p>\r\n<p>UBND c&aacute;c huyện, th&agrave;nh phố tiếp tục đẩy mạnh tuy&ecirc;n truyền về mục đ&iacute;ch, &yacute; nghĩa của việc thực hiện dồn điền, đổi thửa, x&acirc;y dựng c&aacute;nh đồng mẫu. X&acirc;y dựng kế hoạch, lộ tr&igrave;nh tổ chức thực hiện c&oacute; hiệu quả c&aacute;c nhiệm vụ được ph&acirc;n c&ocirc;ng, phản &aacute;nh kh&oacute; khăn, vướng mắc về Sở N&ocirc;ng nghiệp v&agrave; PTNT, Sở T&agrave;i nguy&ecirc;n v&agrave; M&ocirc;i trường để giải quyết theo quy định.</p>\r\n<p>Ủy ban Mặt trận tổ quốc v&agrave; tổ chức ch&iacute;nh trị - x&atilde; hội, c&aacute;c cơ quan th&ocirc;ng tin đại ch&uacute;ng đẩy mạnh tuy&ecirc;n truyền, tăng cường vận động đo&agrave;n vi&ecirc;n, hội vi&ecirc;n v&agrave; c&aacute;c tầng lớp nh&acirc;n d&acirc;n tham gia thực hiện dồn điền, đổi thửa, x&acirc;y dựng c&aacute;nh đồng mẫu./.</p>\r\n<p><a href="http://www.bacgiang.gov.vn/lib/ckfinder/files/cvct-474-2017-2-vp.pdf">Xem chi tiết văn bản tại đ&acirc;y:</a></p>', 0, '2017-02-28 00:19:39', '2017-02-28 00:19:39'),
(14, 24, 1, 'Thông báo kết luận số 41/TB-UBND', 'thong-bao-ket-luan-so-41-tb-ubnd', '/images/not_found.jpg', 'Thông báo kết luận số 41/TB-UBND', '<p><a href="../../source/images/Capture.PNG" target="_blank">../../source/images/Capture.PNG</a></p>', 0, '2017-02-28 00:34:43', '2017-02-28 00:34:43'),
(15, 24, 1, 'Thông báo kết luận số 40/TB-UBND', 'thong-bao-ket-luan-so-40-tb-ubnd', '/images/not_found.jpg', 'Thông báo kết luận số 40/TB-UBND', '<p>Th&ocirc;ng b&aacute;o kết luận số 40/TB-UBND xem chi tiết tại:</p>\r\n<p><a title="mongod" href="../../source/images/mongod.log">mongod</a></p>', 2, '2017-02-28 00:37:26', '2017-02-28 13:08:50');
INSERT INTO `posts` (`id`, `category_id`, `user_id`, `title`, `slug`, `thumb`, `description`, `body`, `views`, `created_at`, `updated_at`) VALUES
(16, 22, 1, 'Bà con Bắc Giang xa quê là một bộ phận trong cộng đồng người Bắc Giang', 'ba-con-bac-giang-xa-que-la-mot-bo-phan-trong-cong-dong-nguoi-bac-giang', '/images/not_found.jpg', 'Ngày 25 và 26/02, Đoàn cán bộ tỉnh Bắc Giang do đồng chí Lại Thanh Sơn - Ủy viên BTV Tỉnh ủy, Phó Chủ tịch Thường trực UBND tỉnh làm trưởng đoàn dự Lễ kỷ niệm 20 năm thành lập Hội đồng hương Bắc Giang tại tỉnh Bà Rịa – Vũng Tàu và họp mặt đầu xuân Hội đồng hương Bắc Giang tại thành phố Hồ Chí Minh.', '<div style="text-align: center;">\r\n<figure class="image" style="display: inline-block;"><img src="http://www.bacgiang.gov.vn/lib/ckfinder/images/IMG_0354%282%29.jpg" alt="" width="486" height="348" />\r\n<figcaption>L&atilde;nh đạo tỉnh Bắc Giang tặng hoa ch&uacute;c mừng Hội đồng hương Bắc Giang tại tỉnh B&agrave; Rịa - Vũng T&agrave;u.<br /> Ảnh: BGP/Đại L&acirc;m</figcaption>\r\n</figure>\r\n</div>\r\n<p style="text-align: justify;"><span style="font-size: 14px;">Dự Lễ kỷ niệm 20 năm th&agrave;nh lập Hội đồng hương Bắc Giang tại tỉnh B&agrave; Rịa &ndash; Vũng T&agrave;u, ng&agrave;y 25/02, c&ograve;n c&oacute; đồng ch&iacute; Từ Minh Hải &ndash; Ph&oacute; Chủ tịch HĐND tỉnh; l&atilde;nh đạo UB MTTQ tỉnh; &nbsp;Văn ph&ograve;ng UBND tỉnh Bắc Giang.</span></p>\r\n<p style="text-align: justify;"><span style="font-size: 14px;">Hội Đồng hương Bắc Giang tại tỉnh B&agrave; Rịa - Vũng T&agrave;u được th&agrave;nh lập ng&agrave;y 01/01/1997, tiền th&acirc;n l&agrave; Hội đồng hương H&agrave; Bắc (gồm hai tỉnh Bắc Ninh, Bắc Giang). Đ&acirc;y l&agrave; địa chỉ tập hợp những người con xa qu&ecirc; hương, gi&uacute;p đỡ nhau tr&ecirc;n tinh thần l&aacute; l&agrave;nh đ&ugrave;m l&aacute; r&aacute;ch, tương th&acirc;n tương &aacute;i; động vi&ecirc;n nhau thực hiện tốt mọi chủ trương, ch&iacute;nh s&aacute;ch của Đảng, ph&aacute;p luật của Nh&agrave; nước.&nbsp;</span></p>\r\n<p style="text-align: justify;"><span style="font-size: 14px;">Hội hiện c&oacute; 342 hộ với hơn 1.500 nh&acirc;n khẩu đang sinh sống, l&agrave;m việc tại tỉnh B&agrave; Rịa - Vũng T&agrave;u. Những năm qua, Hội đ&atilde; tổ chức khoảng 500 buổi họp mặt ở c&aacute;c cấp. Tại buổi họp mặt của Tỉnh hội v&agrave;o dịp Tết &acirc;m lịch h&agrave;ng năm, Hội tổ chức ch&uacute;c thọ c&aacute;c cụ tr&ecirc;n 75 tuổi; tặng qu&agrave; v&agrave; học bổng cho c&aacute;c ch&aacute;u học sinh, sinh vi&ecirc;n c&oacute; th&agrave;nh t&iacute;ch cao trong học tập v&agrave; học sinh, sinh vi&ecirc;n c&oacute; ho&agrave;n cảnh kh&oacute; khăn. Trong năm, Ban Thường trực Hội, c&aacute;c chi hội thường xuy&ecirc;n nắm bắt việc hiếu, hỷ, đau ốm của c&aacute;c gia đ&igrave;nh, từ đ&oacute; kịp thời chia sẻ, động vi&ecirc;n. Đồng thời, Hội c&ograve;n th&agrave;nh lập nh&oacute;m Doanh nghiệp Bắc Giang nhằm hỗ trợ những người mới v&agrave;o lập nghiệp tại tỉnh B&agrave; Rịa- Vũng T&agrave;u về chỗ ở, việc l&agrave;m; chia sẻ, gi&uacute;p đỡ nhau trong kinh doanh.</span></p>\r\n<div style="text-align: center;">\r\n<figure class="image" style="display: inline-block;"><img src="http://www.bacgiang.gov.vn/lib/ckfinder/images/IMG_0356%281%29.jpg" alt="" width="486" height="298" />\r\n<figcaption>C&aacute;c đại biểu dự Lễ kỷ niệm 20 năm th&agrave;nh lập Hội đồng hương Bắc Giang tại tỉnh B&agrave; Rịa &ndash; Vũng T&agrave;u.<br /> Ảnh: BGP/Đại L&acirc;m</figcaption>\r\n</figure>\r\n</div>\r\n<p style="text-align: justify;"><span style="font-size: 14px;">Ph&aacute;t biểu tại Lễ kỷ niệm, đồng ch&iacute; Lại Thanh Sơn &ndash; Ph&oacute; Chủ tịch Thường trực UBND tỉnh Bắc Giang chia sẻ những thiệt th&ograve;i về t&igrave;nh cảm của những người con xa qu&ecirc; hương v&agrave;o đ&acirc;y lập nghiệp. Đồng thời biểu dương, ch&uacute;c mừng kết quả m&agrave; Hội, c&aacute;c hội vi&ecirc;n đạt được trong thời gian qua.</span></p>\r\n<p style="text-align: justify;"><span style="font-size: 14px;">Thay mặt l&atilde;nh đạo v&agrave; nh&acirc;n d&acirc;n tỉnh Bắc Giang, Ph&oacute; Chủ tịch Thường trực UBND tỉnh th&ocirc;ng b&aacute;o tới b&agrave; con một số n&eacute;t ch&iacute;nh về t&igrave;nh h&igrave;nh ph&aacute;t triển kinh tế - x&atilde; hội của tỉnh năm 2016 v&agrave; định hướng ph&aacute;t triển năm 2017. T&igrave;nh h&igrave;nh kinh tế - x&atilde; hội của tỉnh năm 2016 đạt được nhiều kết quả nổi bật, to&agrave;n diện: 17/17 chỉ ti&ecirc;u chủ yếu đều đạt v&agrave; vượt kế hoạch. Kết quả đ&oacute; c&oacute; sự t&iacute;ch cực ủng hộ, động vi&ecirc;n, gi&uacute;p đỡ của b&agrave; con Bắc Giang ở xa qu&ecirc;, trong đ&oacute; c&oacute; đ&oacute;ng g&oacute;p của b&agrave; con đồng hương Bắc Giang tại tỉnh B&agrave; Rịa &ndash; Vũng T&agrave;u.</span></p>\r\n<p style="text-align: justify;"><span style="font-size: 14px;">Đồng ch&iacute; Lại Thanh Sơn mong muốn Hội đồng hương Bắc Giang tại tỉnh B&agrave; Rịa &ndash; Vũng T&agrave;u ph&aacute;t huy hơn nữa vai tr&ograve; của m&igrave;nh, đo&agrave;n kết, gi&uacute;p đỡ hội vi&ecirc;n ng&agrave;y c&agrave;ng ph&aacute;t triển v&agrave; l&agrave; cầu nối li&ecirc;n kết giữa c&aacute;c hội vi&ecirc;n với tỉnh trong sự nghiệp x&acirc;y dựng v&agrave; ph&aacute;t triển qu&ecirc; hương, đất nước.</span></p>\r\n<div style="text-align: center;">\r\n<figure class="image" style="display: inline-block;"><img src="http://www.bacgiang.gov.vn/lib/ckfinder/images/IMG_0385%281%29.jpg" alt="" width="486" height="324" />\r\n<figcaption>C&aacute;c đại biểu dự họp mặt đầu xu&acirc;n Hội đồng hương Bắc Giang tại th&agrave;nh phố Hồ Ch&iacute; Minh.<br /> Ảnh: BGP/Đại L&acirc;m</figcaption>\r\n</figure>\r\n</div>\r\n<p style="text-align: justify;"><span style="font-size: 14px;">Tiếp đ&oacute;, ng&agrave;y 26/02, Ph&oacute; Chủ tịch Thường trực UBND tỉnh Lại Thanh Sơn dự họp mặt đầu xu&acirc;n Hội đồng hương Bắc Giang tại th&agrave;nh phố Hồ Ch&iacute; Minh. C&ugrave;ng dự c&oacute; c&aacute;c đồng ch&iacute;: L&ecirc; Thị Thu Hồng &ndash; Ủy vi&ecirc;n BTV, Chủ nhiệm Ủy ban Kiểm tra Tỉnh ủy, Trưởng đo&agrave;n đại biểu Quốc hội tỉnh; Từ Minh Hải &ndash; Ph&oacute; Chủ tịch HĐND tỉnh; l&atilde;nh đạo UB MTTQ tỉnh; &nbsp;Văn ph&ograve;ng UBND tỉnh Bắc Giang; một số sở, ban, ng&agrave;nh, huyện, th&agrave;nh phố của tỉnh Bắc Giang v&agrave; đ&ocirc;ng đảo người con qu&ecirc; hương Bắc Giang đang sinh sống, học tập, l&agrave;m việc, sản xuất kinh doanh tại TP Hồ Ch&iacute; Minh.</span></p>\r\n<p style="text-align: justify;"><span style="font-size: 14px;">Hội đồng hương Bắc Giang tại TP Hồ Ch&iacute; Minh c&oacute; số hội vi&ecirc;n đ&ocirc;ng, tr&ecirc;n 1000 hộ. Hiện c&oacute; 9 chi hội duy tr&igrave; hoạt động nền nếp.&nbsp;</span></p>\r\n<p style="text-align: justify;"><span style="font-size: 14px;">Hội thường xuy&ecirc;n thăm hỏi, động vi&ecirc;n hội vi&ecirc;n kh&oacute; khăn, người cao tuổi; quan t&acirc;m c&ocirc;ng t&aacute;c khuyến học. B&ecirc;n cạnh đ&oacute;, Hội c&ograve;n l&agrave; cầu nối giữa b&agrave; con xa qu&ecirc; với Bắc Giang bằng nhiều hoạt động thiết thực, như cử đại diện tham gia MTTQ tỉnh, vận động ủng hộ những trường hợp kh&oacute; khăn tại qu&ecirc; nh&agrave;, thăm tặng qu&agrave; Tết, đ&oacute;n tiếp c&aacute;c đo&agrave;n c&ocirc;ng t&aacute;c v&agrave;o l&agrave;m việc tại ph&iacute;a Nam, mở rộng mối quan hệ với Hội đồng hương Bắc Giang tại nhiều tỉnh, th&agrave;nh phố kh&aacute;c&hellip;&nbsp;</span></p>\r\n<p style="text-align: justify;"><span style="font-size: 14px;">Năm 2015 - 2016, hướng về qu&ecirc; hương, c&aacute;c chi hội, CLB doanh nghiệp đ&atilde; vận động ủng hộ c&aacute;c c&ocirc;ng tr&igrave;nh t&acirc;m linh, x&acirc;y dựng n&ocirc;ng th&ocirc;n mới, trường học, người ngh&egrave;o tại qu&ecirc; nh&agrave; với số tiền tr&ecirc;n 4,2 tỷ đồng.</span></p>\r\n<p style="text-align: justify;"><span style="font-size: 14px;">Từ nay đến năm 2018 và những năm ti&ecirc;́p theo, Hội tiếp tục thực hiện tốt quy chế hoạt động; ph&aacute;t triển tổ chức Hội; đo&agrave;n kết gi&uacute;p đỡ nhau trong đời sống, c&ocirc;ng t&aacute;c; thắt chặt mối quan hệ với qu&ecirc; hương...</span></p>\r\n<div style="text-align: center;">\r\n<figure class="image" style="display: inline-block;"><img src="http://www.bacgiang.gov.vn/lib/ckfinder/images/IMG_0398%283%29.jpg" alt="" width="486" height="342" />\r\n<figcaption>Ph&oacute; Chủ tịch Thường trực UBND tỉnh Lại Thanh Sơn ph&aacute;t biểu tại buổi họp mặt.<br /> Ảnh: BGP/Đại L&acirc;m</figcaption>\r\n</figure>\r\n</div>\r\n<p style="text-align: justify;"><span style="font-size: 14px;">Thay mặt l&atilde;nh đạo tỉnh, đồng ch&iacute; Lại Thanh Sơn ghi nhận kết quả hoạt động của Hội. Đồng ch&iacute; vui mừng th&ocirc;ng b&aacute;o đến b&agrave; con xa qu&ecirc; những th&agrave;nh tựu ph&aacute;t triển KT-XH, x&acirc;y dựng Đảng, ch&iacute;nh quyền, chăm lo đời sống nh&acirc;n d&acirc;n, thực hiện ch&iacute;nh s&aacute;ch an sinh x&atilde; hội của Bắc Giang thời gian qua, đặc biệt kết quả năm 2016 v&agrave; 20 năm sau t&aacute;i lập tỉnh Bắc Giang.&nbsp;</span></p>\r\n<p style="text-align: justify;"><span style="font-size: 14px;">Đồng ch&iacute; b&agrave;y tỏ sự cảm ơn về những đ&oacute;ng g&oacute;p của Hội đồng hương Bắc Giang tại th&agrave;nh phố Hồ Ch&iacute; Minh cũng như c&aacute;c hội vi&ecirc;n cho an sinh x&atilde; hội, cho sự ph&aacute;t triển của tỉnh nh&agrave;. Đồng ch&iacute; mong muốn tổ chức Hội v&agrave; mỗi hội vi&ecirc;n ph&aacute;t huy truyền thống qu&ecirc; hương, đo&agrave;n kết gi&uacute;p đỡ nhau trong cuộc sống; ch&uacute; trọng giữ g&igrave;n bản sắc văn h&oacute;a, đẩy mạnh ph&aacute;t triển kinh tế, t&igrave;m hiểu cơ hội đầu tư tại Bắc Giang, kịp thời c&oacute; nhiều hoạt động gi&uacute;p đỡ qu&ecirc; hương...</span></p>\r\n<p style="text-align: justify;"><span style="font-size: 14px;">Về ph&iacute;a l&atilde;nh đạo tỉnh, lu&ocirc;n sẵn s&agrave;ng lắng nghe những t&igrave;nh cảm, t&acirc;m tư của b&agrave; con, sẵn s&agrave;ng tạo mọi điều kiện gi&uacute;p cho Hội ph&aacute;t triển, tạo điều kiện cho c&aacute;c hội vi&ecirc;n về đầu tư sản xuất kinh doanh tại qu&ecirc; nh&agrave;.</span></p>\r\n<p style="text-align: justify;"><span style="font-size: 14px;">Đồng ch&iacute; khẳng định, b&agrave; con Bắc Giang đang l&agrave;m việc, sinh sống ở th&agrave;nh phố Hồ Ch&iacute; Minh cũng như ở mọi miền Tổ quốc v&agrave; ở nước ngo&agrave;i l&agrave; một bộ phận kh&ocirc;ng thể t&aacute;ch rời trong cộng đồng người Bắc Giang.</span></p>\r\n<div style="text-align: center;">\r\n<figure class="image" style="display: inline-block;"><img src="http://www.bacgiang.gov.vn/lib/ckfinder/images/IMG_0402%281%29.jpg" alt="" width="486" height="346" />\r\n<figcaption>Ph&oacute; Chủ tịch Thường trực UBND tỉnh Lại Thanh Sơn trao tặng Bằng khen của<br /> Chủ tịch UBND tỉnh Bắc Giang cho c&aacute;c c&aacute; nh&acirc;n. Ảnh: BGP/Đại L&acirc;m</figcaption>\r\n</figure>\r\n</div>\r\n<p><span style="font-size: 14px;">Nh&acirc;n dịp n&agrave;y, </span>Ph&oacute; Chủ tịch Thường trực UBND tỉnh Lại Thanh Sơn trao tặng Bằng khen của Chủ tịch UBND tỉnh Bắc Giang cho c&aacute;c c&aacute; nh&acirc;n<span style="font-size: 14px;"> c&oacute; th&agrave;nh t&iacute;ch trong c&ocirc;ng t&aacute;c tập hợp, đo&agrave;n kết người Bắc Giang ở ngo&agrave;i tỉnh, g&oacute;p phần x&acirc;y dựng qu&ecirc; hương v&agrave; khối đại đo&agrave;n kết to&agrave;n d&acirc;n tộc./.</span></p>\r\n<div style="float: right; margin-right: 20px; margin-bottom: 10px; width: 100%; text-align: right;"><span style="color: #383838;">Dương Đại L&acirc;m</span></div>', 0, '2017-02-28 00:08:34', '2017-02-28 00:08:34'),
(17, 6, 1, 'Vị trí địa lý', 'vi-tri-dia-ly', '/source/images/TInh-BG_lanh-tho-VN(1).jpg', 'Bắc Giang là một tỉnh thuộc vùng Đông Bắc Việt Nam. Về quy hoạch kinh tế trước đây Bắc Giang nằm trong vùng trung du và miền núi phía Bắc, từ năm 2012 là tỉnh nằm trong quy hoạch vùng Thủ đô Hà Nội.', '<p>Vị tr&iacute; địa l&yacute; tỉnh Bắc Giang nằm ở tọa độ từ 21 độ 07 ph&uacute;t đến 21 độ 37 ph&uacute;t vĩ độ bắc; từ 105 độ 53 ph&uacute;t đến 107 độ 02 ph&uacute;t kinh độ Đ&ocirc;ng; Bắc Giang l&agrave; tỉnh miền n&uacute;i, nằm c&aacute;ch Thủ đ&ocirc; H&agrave; Nội 50 km về ph&iacute;a Bắc, c&aacute;ch cửa khẩu quốc tế Hữu Nghị (Lạng Sơn) 110 km về ph&iacute;a Nam, c&aacute;ch cảng Hải Ph&ograve;ng hơn 100 km về ph&iacute;a Đ&ocirc;ng. Ph&iacute;a Bắc v&agrave; Đ&ocirc;ng Bắc gi&aacute;p tỉnh Lạng Sơn, ph&iacute;a T&acirc;y v&agrave; T&acirc;y Bắc gi&aacute;p th&agrave;nh phố H&agrave; Nội, Th&aacute;i Nguy&ecirc;n, ph&iacute;a Nam v&agrave; Đ&ocirc;ng Nam gi&aacute;p tỉnh Bắc Ninh, Hải Dương v&agrave; Quảng Ninh. Bắc Giang hiện c&oacute; 09 huyện v&agrave; 01 th&agrave;nh phố, trong đ&oacute; c&oacute; 06 huyện miền n&uacute;i v&agrave; 01 huyện v&ugrave;ng cao (Sơn Động); 230 x&atilde;, phường, thị trấn (204 x&atilde;, 10 phường v&agrave; 16 thị trấn).</p>\r\n<p>Đặc điểm địa h&igrave;nh: Địa h&igrave;nh Bắc Giang gồm 2 tiểu v&ugrave;ng: Miền n&uacute;i v&agrave; trung du c&oacute; đồng bằng xen kẽ. V&ugrave;ng trung du bao gồm c&aacute;c huyện: Hiệp H&ograve;a, Việt Y&ecirc;n v&agrave; th&agrave;nh phố Bắc Giang. V&ugrave;ng miền n&uacute;i bao gồm 7 huyện: Sơn Động, Lục Nam, Lục Ngạn, Y&ecirc;n Thế, T&acirc;n Y&ecirc;n, Y&ecirc;n Dũng, Lạng Giang. Trong đ&oacute; một phần c&aacute;c huyện Lục Ngạn, Lục Nam, Y&ecirc;n Thế v&agrave; Sơn Động l&agrave; v&ugrave;ng n&uacute;i cao.</p>\r\n<p>Đặc điểm chủ yếu về địa h&igrave;nh miền n&uacute;i (chiếm 72% diện t&iacute;ch to&agrave;n tỉnh) l&agrave; chia cắt mạnh, phức tạp, ch&ecirc;nh lệch về độ cao lớn. Nhiều v&ugrave;ng đất đai tốt, nhất l&agrave; ở c&aacute;c khu vực c&ograve;n rừng tự nhi&ecirc;n.</p>\r\n<p><span style="text-align: justify; color: #383838;"><span style="font-size: small;"><span style="font-family: Arial;"><span lang="EN-US"><img style="display: block; margin-left: auto; margin-right: auto;" src="http://www.bacgiang.gov.vn/upload/fckeditor/TInh-BG_lanh-tho-VN%281%29.jpg" alt="" width="422" height="533" align="middle" border="1" /></span></span></span></span></p>\r\n<p>V&ugrave;ng đồi n&uacute;i thấp c&oacute; thể trồng được nhiều c&acirc;y ăn quả, c&acirc;y c&ocirc;ng nghiệp nh&shy;ư: Vải thiều, cam, chanh, na, hồng, ch&egrave;, đậu tư&shy;ơng, lạc...; thuận tiện để chăn nu&ocirc;i c&aacute;c loại gia s&uacute;c, gia cầm, thuỷ sản.</p>\r\n<p>Đặc điểm chủ yếu của địa h&igrave;nh miền trung du (chiếm 28% diện t&iacute;ch to&agrave;n tỉnh) l&agrave; đất g&ograve;, đồi xen lẫn đồng bằng t&ugrave;y theo từng khu vực. V&ugrave;ng trung du c&oacute; khả năng trồng nhiều loại c&acirc;y l&shy;ương thực, thực phẩm, c&acirc;y ăn quả, c&acirc;y c&ocirc;ng nghiệp, chăn nu&ocirc;i c&aacute;c loại gia s&uacute;c, gia cầm, c&aacute; v&agrave; nhiều loại thuỷ sản kh&aacute;c.</p>', 2, '2017-02-28 08:53:49', '2017-02-28 11:52:08'),
(18, 6, 1, 'Khí hậu', 'khi-hau', '/source/Khihau08.jpg', 'Tỉnh Bắc Giang nằm trong vùng khí hậu nhiệt đới gió mùa khu vực Đông Bắc Việt Nam, một năm có bốn mùa rõ rệt. Mùa Đông có khí hậu khô, lạnh; mùa Hè khí hậu nóng, ẩm; mùa Xuân và Độ ẩm trung bình trong năm là 83%, một số tháng trong năm có độ ẩm trung bình trên 85%. Các tháng mùa khô có độ ẩm không khí dao động khoảng 74% - 80%.', '<p><img style="display: block; margin-left: auto; margin-right: auto;" src="http://www.bacgiang.gov.vn/upload/fckeditor/Khihau08.jpg" alt="" width="692" height="490" align="middle" border="1" /></p>\r\n<p>Lư&shy;ợng mư&shy;a trung b&igrave;nh h&agrave;ng năm khoảng 1.533 mm, mưa nhiều trong thời gian c&aacute;c th&aacute;ng từ th&aacute;ng 4 đến th&aacute;ng 9. Lượng nước bốc hơi b&igrave;nh qu&acirc;n h&agrave;ng năm khoảng 1.000 mm, 4 th&aacute;ng c&oacute; lượng bốc hơi lớn hơn lượng mưa l&agrave; từ th&aacute;ng 12 năm trước đến th&aacute;ng 3 năm sau.</p>\r\n<p>Chế độ gi&oacute; cơ bản chịu ảnh hưởng của gi&oacute; Đ&ocirc;ng Nam (m&ugrave;a H&egrave;) v&agrave; gi&oacute; Đ&ocirc;ng Bắc (m&ugrave;a Đ&ocirc;ng). Một số khu vực thuộc miền n&uacute;i cao c&oacute; h&igrave;nh th&aacute;i thời tiết kh&ocirc; lạnh, r&eacute;t đậm, c&oacute; sương muối v&agrave;o m&ugrave;a Đ&ocirc;ng. &Iacute;t xuất hiện gi&oacute; L&agrave;o v&agrave;o m&ugrave;a H&egrave;. Một số huyện miền n&uacute;i c&oacute; hiện tượng lốc cục bộ, mưa đ&aacute;, lũ v&agrave;o m&ugrave;a mưa. Bắc Giang &iacute;t chịu ảnh hưởng của b&atilde;o do c&oacute; sự che chắn của nhiều d&atilde;y n&uacute;i cao.</p>\r\n<p>Nắng trung b&igrave;nh h&agrave;ng năm từ 1.500 - 1.700 giờ, thuận lợi cho canh t&aacute;c, ph&aacute;t triển c&aacute;c c&acirc;y trồng nhiệt đới, &aacute; nhiệt đới.</p>', 21, '2017-02-28 08:59:24', '2017-03-15 06:54:38'),
(19, 54, 1, 'Thủ tục cấp giấy phép lao động cho người nước ngoài làm việc trong KCN theo hình thức hợp đồng lao động', 'thu-tuc-cap-giay-phep-lao-dong-cho-nguoi-nuoc-ngoai-lam-viec-trong-kcn-theo-hinh-thuc-hop-dong-lao-dong', '/images/not_found.jpg', 'Thủ tục cấp giấy phép lao động cho người nước ngoài làm việc trong KCN theo hình thức hợp đồng lao động', '<table id="table-list-tthc" class="table table-striped table-bordered">\r\n<tbody>\r\n<tr class="item">\r\n<td class="text-center">&nbsp;</td>\r\n<td>\r\n<p><a class="item-detail" data-id="15514">Thủ tục cấp giấy ph&eacute;p lao động cho người nước ngo&agrave;i l&agrave;m việc trong KCN theo h&igrave;nh thức hợp đồng lao động</a></p>\r\n<table id="table-list-tthc" class="table table-striped table-bordered">\r\n<tbody>\r\n<tr class="item">\r\n<td class="text-center">&nbsp;</td>\r\n<td>\r\n<p><a class="item-detail" data-id="15514">Thủ tục cấp giấy ph&eacute;p lao động cho người nước ngo&agrave;i l&agrave;m việc trong KCN theo h&igrave;nh thức hợp đồng lao động</a></p>\r\n<table id="table-list-tthc" class="table table-striped table-bordered">\r\n<tbody>\r\n<tr class="item">\r\n<td class="text-center">&nbsp;</td>\r\n<td><a class="item-detail" data-id="15514">Thủ tục cấp giấy ph&eacute;p lao động cho người nước ngo&agrave;i l&agrave;m việc trong KCN theo h&igrave;nh thức hợp đồng lao động</a></td>\r\n</tr>\r\n</tbody>\r\n</table>\r\n</td>\r\n</tr>\r\n</tbody>\r\n</table>\r\n</td>\r\n</tr>\r\n</tbody>\r\n</table>\r\n<p><a title="e" href="../../source/e.pdf">e</a></p>', 1, '2017-03-01 22:53:08', '2017-03-14 08:31:50'),
(20, 54, 1, 'Avoid bugs by automatically running your tests.', 'avoid-bugs-by-automatically-running-your-tests', '/images/not_found.jpg', 'Avoid bugs by automatically running your tests. Avoid bugs by automatically running your tests.', '<table class="picture" cellspacing="0" cellpadding="0">\r\n<tbody>\r\n<tr>\r\n<td class="caption">\r\n<h2><span style="font-size: small;"><em><strong>Valentine Trắng</strong> l&agrave; dịp để c&aacute;c bạn trẻ đ&aacute;p lại t&igrave;nh cảm người thương y&ecirc;u m&igrave;nh</em>.</span></h2>\r\n</td>\r\n</tr>\r\n</tbody>\r\n</table>\r\n<div id="AdAsia">&nbsp;</div>\r\n<div id="innity-in-post">&nbsp;</div>\r\n<center>\r\n<div id="d371fa8acf2b6683a9066a700b6c4f05_sync"><ins id="aswift_0_expand" style="display: inline-table; border: none; height: 250px; margin: 0; padding: 0; position: relative; visibility: visible; width: 300px; background-color: transparent;"><ins id="aswift_0_anchor" style="display: block; border: none; height: 250px; margin: 0; padding: 0; position: relative; visibility: visible; width: 300px; background-color: transparent;"><iframe id="aswift_0" style="left: 0; position: absolute; top: 0;" name="aswift_0" width="300" height="250" frameborder="0" marginwidth="0" marginheight="0" scrolling="no" allowfullscreen="allowfullscreen" data-mce-fragment="1"></iframe></ins></ins></div>\r\n</center>\r\n<p style="text-align: justify;">Dường như ng&agrave;y <em>Valentine Đỏ (14/2)</em> ngọt ng&agrave;o vẫn chưa đủ với những con tim đang y&ecirc;u, vậy n&ecirc;n, nhiều bạn trẻ tại Nhật đ&atilde; lấy th&ecirc;m ng&agrave;y Valentine Trắng để tỏ t&igrave;nh cảm với người thương y&ecirc;u của m&igrave;nh. Sau ng&agrave;y Valentine Đỏ tr&ograve;n đ&uacute;ng 1 th&aacute;ng, nhiều bạn trẻ sẽ đ&aacute;p lại người thương y&ecirc;u những m&oacute;n qu&agrave; m&agrave; họ nhận được trong ng&agrave;y 14/2.</p>\r\n<h3 style="text-align: justify;"><span style="font-size: small;">&Yacute; nghĩa ng&agrave;y <a title="valentine" href="http://www.doisongphapluat.com/gioi-tre/gioi-tre-ha-thanh-vo-tu-the-hien-tinh-cam-dem-va1entine-a21631.html">Valentine Trắng</a></span></h3>\r\n<p style="text-align: justify;">Đến nay, ng&agrave;y Valentine Trắng dần được mọi người chuyển th&agrave;nh White Valentine &ndash; Ng&agrave;y đ&aacute;p trả. Trong ng&agrave;y n&agrave;y, kh&ocirc;ng c&ograve;n g&igrave; &yacute; nghĩa hơn l&agrave; việc bạn sẽ đ&aacute;p trả lại người con g&aacute;i y&ecirc;u thương của m&igrave;nh trong suốt thời gian d&agrave;i những m&oacute;n qu&agrave; hoặc lời n&oacute;i cảm động, dễ thương v&agrave; ch&acirc;n th&agrave;nh. Đừng bao giờ bỏ qua ng&agrave;y 14/3 để l&agrave;m những việc y&ecirc;u thương với ph&aacute;i yếu.</p>\r\n<p style="text-align: justify;">Mặc d&ugrave; ng&agrave;y <em>Valentine Trắng</em> kh&ocirc;ng phổ biến như Lễ t&igrave;nh nh&acirc;n 14/2 nhưng trong ng&agrave;y n&agrave;y vẫn c&oacute; nhiều người tặng qu&agrave; cho một nửa của m&igrave;nh. Điều đặc biệt, trong ng&agrave;y Valentine Trắng, b&aacute;nh quy, kẹo v&agrave; socola trắng được ưa chuộng thay v&igrave; những loại socola th&ocirc;ng thường.</p>\r\n<table class="picture" cellspacing="0" cellpadding="0">\r\n<tbody>\r\n<tr>\r\n<td class="pic">\r\n<p class="full_images"><a class="light_box cboxElement" title="&Yacute; nghĩa v&agrave; nguồn gốc ng&agrave;y Valentine Trắng 14/3 - Ảnh 2" href="http://media.doisongphapluat.com/thumb_x500x/247/2014/3/13/valentine-trang3.jpg"><img style="display: block; margin-left: auto; margin-right: auto;" title="&Yacute; nghĩa v&agrave; nguồn gốc ng&agrave;y Valentine Trắng 14/3 - Ảnh 2" src="http://media.doisongphapluat.com/thumb_x500x/247/2014/3/13/valentine-trang3.jpg" alt="&Yacute; nghĩa v&agrave; nguồn gốc ng&agrave;y Valentine Trắng 14/3 - Ảnh 2" /></a></p>\r\n</td>\r\n</tr>\r\n<tr>\r\n<td class="caption">\r\n<h2><span style="font-size: small;"><em>Trong ng&agrave;y <strong>Valentine Trắng</strong>, b&aacute;nh quy, kẹo v&agrave; socola trắng được ưa chuộng thay v&igrave; những loại socola th&ocirc;ng thường. Ảnh minh họa.</em></span></h2>\r\n</td>\r\n</tr>\r\n</tbody>\r\n</table>\r\n<p style="text-align: justify;"><strong>Valentine Trắng</strong> c&ograve;n gọi l&agrave; White Day. Những người trẻ tuổi tin rằng, nếu một ai đ&oacute; tặng bạn b&aacute;nh quy v&agrave;o ng&agrave;y n&agrave;y th&igrave; điều đ&oacute; c&oacute; nghĩa l&agrave; người đ&oacute; y&ecirc;u bạn, kẹo c&oacute; nghĩa l&agrave; người đ&oacute; th&iacute;ch bạn c&ograve;n nếu l&agrave; socola trắng th&igrave; c&oacute; nghĩa l&agrave; &ldquo;Ch&uacute;ng ta h&atilde;y l&agrave;m bạn nh&eacute;!&rdquo;. B&ecirc;n cạnh đồ ăn, những m&oacute;n qu&agrave; kh&aacute;c cũng được lựa chọn như đồ trang sức, t&uacute;i x&aacute;ch, gi&agrave;y, khăn, th&uacute; nhồi b&ocirc;ng. Ở Mỹ một số ch&agrave;ng trai c&ograve;n tặng đồ l&oacute;t cho bạn g&aacute;i của m&igrave;nh.</p>', 3, '2017-03-13 10:23:19', '2017-03-14 14:33:06');

-- --------------------------------------------------------

--
-- Table structure for table `services`
--

CREATE TABLE `services` (
  `id` int(11) NOT NULL,
  `user_id` int(11) NOT NULL,
  `attach` char(255) COLLATE utf8_unicode_ci DEFAULT NULL,
  `organization` char(255) COLLATE utf8_unicode_ci DEFAULT NULL,
  `fields` char(255) COLLATE utf8_unicode_ci DEFAULT NULL,
  `type` char(255) COLLATE utf8_unicode_ci DEFAULT NULL,
  `description` text COLLATE utf8_unicode_ci,
  `status` int(11) DEFAULT '0',
  `code` char(255) COLLATE utf8_unicode_ci NOT NULL,
  `created_at` timestamp NOT NULL DEFAULT CURRENT_TIMESTAMP ON UPDATE CURRENT_TIMESTAMP,
  `updated_at` timestamp NOT NULL DEFAULT '0000-00-00 00:00:00'
) ENGINE=InnoDB DEFAULT CHARSET=utf8 COLLATE=utf8_unicode_ci;

--
-- Dumping data for table `services`
--

INSERT INTO `services` (`id`, `user_id`, `attach`, `organization`, `fields`, `type`, `description`, `status`, `code`, `created_at`, `updated_at`) VALUES
(3, 1, '1/U1T1489522390-a.pdf', 'Văn phòng UBND tỉnh', 'Thủy lợi', 'Cấp giấy phép', 'aaa aaa aaaa aaa', 2, 'U1T1489522390', '2017-03-15 02:46:19', '2017-03-14 19:44:55');

-- --------------------------------------------------------

--
-- Table structure for table `users`
--

CREATE TABLE `users` (
  `id` int(10) UNSIGNED NOT NULL,
  `admin` int(11) DEFAULT '0',
  `name` varchar(255) COLLATE utf8mb4_unicode_ci NOT NULL,
  `email` varchar(100) COLLATE utf8mb4_unicode_ci NOT NULL,
  `password` varchar(255) COLLATE utf8mb4_unicode_ci NOT NULL,
  `remember_token` varchar(100) COLLATE utf8mb4_unicode_ci DEFAULT NULL,
  `created_at` timestamp NULL DEFAULT NULL,
  `updated_at` timestamp NULL DEFAULT NULL
) ENGINE=InnoDB DEFAULT CHARSET=utf8mb4 COLLATE=utf8mb4_unicode_ci;

--
-- Dumping data for table `users`
--

INSERT INTO `users` (`id`, `admin`, `name`, `email`, `password`, `remember_token`, `created_at`, `updated_at`) VALUES
(1, 1, 'Administrator', 'admin@gmail.com', '$2y$10$W/MMHMiQ/8yzmCfi1Z9e/uUyLWT8oyjzMq5NadLjZior3345eRKMa', 'QYSsGbArQS1oWG1exzmDM7sYQ2NlRkOPHq7rwE0khPgodHDnKP2Gx8dKVUjq', '2017-02-26 10:50:37', '2017-02-26 10:50:37');

-- --------------------------------------------------------

--
-- Table structure for table `videos`
--

CREATE TABLE `videos` (
  `id` int(11) NOT NULL,
  `category_id` int(11) DEFAULT NULL,
  `title` char(255) COLLATE utf8_unicode_ci DEFAULT NULL,
  `source` char(255) COLLATE utf8_unicode_ci DEFAULT NULL,
  `thumb` char(255) COLLATE utf8_unicode_ci DEFAULT NULL,
  `created_at` timestamp NOT NULL DEFAULT CURRENT_TIMESTAMP ON UPDATE CURRENT_TIMESTAMP,
  `updated_at` timestamp NOT NULL DEFAULT '0000-00-00 00:00:00'
) ENGINE=InnoDB DEFAULT CHARSET=utf8 COLLATE=utf8_unicode_ci;

--
-- Dumping data for table `videos`
--

INSERT INTO `videos` (`id`, `category_id`, `title`, `source`, `thumb`, `created_at`, `updated_at`) VALUES
(2, 56, 'Thời sự truyền hình Bắc Giang ngày 14-3-2016', '/source/2016-11-22_2-10-09.mp4', '/source/Khihau08.jpg', '2017-03-15 08:13:03', '2017-03-15 01:13:03'),
(3, 58, 'Thời sự truyền hình Bắc Giang ngày 13-3-2017', '/source/2016-11-22_2-10-09.mp4', '/source/images/Capture.PNG', '2017-03-15 08:15:29', '2017-03-15 01:15:29'),
(4, 56, 'Thời sự truyền hình Bắc Giang ngày 13-3-2017', '/source/2016-11-22_2-10-09.mp4', '/source/images/Capture.PNG', '2017-03-15 01:32:24', '2017-03-15 01:32:24'),
(5, 56, 'Công tác bảo vệ quyền lợi người tiêu dùng', '/source/2016-11-22_2-10-09.mp4', '/source/Khihau08.jpg', '2017-03-15 01:34:27', '2017-03-15 01:34:27'),
(6, 56, 'Công tác bảo vệ quyền lợi người tiêu dùng', '/source/2016-11-22_2-10-09.mp4', '/source/Khihau08.jpg', '2017-03-15 01:36:39', '2017-03-15 01:36:39');

-- --------------------------------------------------------

--
-- Table structure for table `widgets`
--

CREATE TABLE `widgets` (
  `id` int(10) UNSIGNED NOT NULL,
  `key` varchar(255) COLLATE utf8mb4_unicode_ci NOT NULL,
  `value` varchar(255) COLLATE utf8mb4_unicode_ci DEFAULT NULL,
  `required` varchar(255) COLLATE utf8mb4_unicode_ci DEFAULT NULL,
  `created_at` timestamp NULL DEFAULT NULL,
  `updated_at` timestamp NULL DEFAULT NULL
) ENGINE=InnoDB DEFAULT CHARSET=utf8mb4 COLLATE=utf8mb4_unicode_ci;

--
-- Dumping data for table `widgets`
--

INSERT INTO `widgets` (`id`, `key`, `value`, `required`, `created_at`, `updated_at`) VALUES
(2, 'home_hero', '[]', 'post', '2017-02-26 18:07:48', '2017-02-26 18:07:49'),
(3, 'home_slider', '[]', 'post', '2017-02-26 18:07:50', '2017-02-26 18:07:53'),
(4, 'home_document', '[]', 'file', '2017-02-26 18:07:51', '2017-02-26 18:07:54'),
(5, 'home_info', '[]', 'post|file', '2017-02-26 18:07:52', '2017-02-26 18:07:57');

--
-- Indexes for dumped tables
--

--
-- Indexes for table `categories`
--
ALTER TABLE `categories`
  ADD PRIMARY KEY (`id`);

--
-- Indexes for table `files`
--
ALTER TABLE `files`
  ADD PRIMARY KEY (`id`),
  ADD KEY `files_user_id_foreign` (`user_id`),
  ADD KEY `files_category_id_foreign` (`category_id`);

--
-- Indexes for table `migrations`
--
ALTER TABLE `migrations`
  ADD PRIMARY KEY (`id`);

--
-- Indexes for table `password_resets`
--
ALTER TABLE `password_resets`
  ADD KEY `password_resets_email_index` (`email`),
  ADD KEY `password_resets_token_index` (`token`);

--
-- Indexes for table `posts`
--
ALTER TABLE `posts`
  ADD PRIMARY KEY (`id`),
  ADD KEY `posts_user_id_foreign` (`user_id`),
  ADD KEY `posts_category_id_foreign` (`category_id`);

--
-- Indexes for table `services`
--
ALTER TABLE `services`
  ADD PRIMARY KEY (`id`);

--
-- Indexes for table `users`
--
ALTER TABLE `users`
  ADD PRIMARY KEY (`id`),
  ADD UNIQUE KEY `users_email_unique` (`email`);

--
-- Indexes for table `videos`
--
ALTER TABLE `videos`
  ADD PRIMARY KEY (`id`);

--
-- Indexes for table `widgets`
--
ALTER TABLE `widgets`
  ADD PRIMARY KEY (`id`);

--
-- AUTO_INCREMENT for dumped tables
--

--
-- AUTO_INCREMENT for table `categories`
--
ALTER TABLE `categories`
  MODIFY `id` int(10) UNSIGNED NOT NULL AUTO_INCREMENT, AUTO_INCREMENT=60;
--
-- AUTO_INCREMENT for table `files`
--
ALTER TABLE `files`
  MODIFY `id` int(10) UNSIGNED NOT NULL AUTO_INCREMENT, AUTO_INCREMENT=7;
--
-- AUTO_INCREMENT for table `migrations`
--
ALTER TABLE `migrations`
  MODIFY `id` int(10) UNSIGNED NOT NULL AUTO_INCREMENT, AUTO_INCREMENT=7;
--
-- AUTO_INCREMENT for table `posts`
--
ALTER TABLE `posts`
  MODIFY `id` int(10) UNSIGNED NOT NULL AUTO_INCREMENT, AUTO_INCREMENT=21;
--
-- AUTO_INCREMENT for table `services`
--
ALTER TABLE `services`
  MODIFY `id` int(11) NOT NULL AUTO_INCREMENT, AUTO_INCREMENT=4;
--
-- AUTO_INCREMENT for table `users`
--
ALTER TABLE `users`
  MODIFY `id` int(10) UNSIGNED NOT NULL AUTO_INCREMENT, AUTO_INCREMENT=2;
--
-- AUTO_INCREMENT for table `videos`
--
ALTER TABLE `videos`
  MODIFY `id` int(11) NOT NULL AUTO_INCREMENT, AUTO_INCREMENT=7;
--
-- AUTO_INCREMENT for table `widgets`
--
ALTER TABLE `widgets`
  MODIFY `id` int(10) UNSIGNED NOT NULL AUTO_INCREMENT, AUTO_INCREMENT=6;
--
-- Constraints for dumped tables
--

--
-- Constraints for table `files`
--
ALTER TABLE `files`
  ADD CONSTRAINT `files_category_id_foreign` FOREIGN KEY (`category_id`) REFERENCES `categories` (`id`) ON DELETE CASCADE,
  ADD CONSTRAINT `files_user_id_foreign` FOREIGN KEY (`user_id`) REFERENCES `users` (`id`) ON DELETE CASCADE;

--
-- Constraints for table `posts`
--
ALTER TABLE `posts`
  ADD CONSTRAINT `posts_category_id_foreign` FOREIGN KEY (`category_id`) REFERENCES `categories` (`id`) ON DELETE CASCADE,
  ADD CONSTRAINT `posts_user_id_foreign` FOREIGN KEY (`user_id`) REFERENCES `users` (`id`) ON DELETE CASCADE;

/*!40101 SET CHARACTER_SET_CLIENT=@OLD_CHARACTER_SET_CLIENT */;
/*!40101 SET CHARACTER_SET_RESULTS=@OLD_CHARACTER_SET_RESULTS */;
/*!40101 SET COLLATION_CONNECTION=@OLD_COLLATION_CONNECTION */;
